"Номер животного";"Дата рождения";"Дата архива";"Лактация";"Дата начала тек.лакт";"Дни в доении";"Статус коровы";"Дата осеменения";"Дата успешного осеменения";"Дни стельности";"Дата запуска тек.лакт";"Дата ожидаемого запуска";"Дата ожидаемого отела"
"1000";"19.01.2024";"";"0";"";"0";"Телка";"01.02.2024";"";"";"";"";""
"1001";"20.01.2024";"";"0";"";"0";"Телка";"";"";"";"";"";""
"1002";"20.01.2024";"";"0";"";"0";"Телка";"";"";"";"";"";""
"1003";"21.01.2024";"";"0";"";"0";"Телка";"";"";"";"";"";""
"1004";"22.01.2024";"";"0";"";"0";"Телка";"";"";"";"";"";""
"1633";"28.11.2015";"";"6";"06.11.2023";"87";"Дойная";"";"";"";"";"";""
"1679";"01.12.2016";"";"5";"14.08.2023";"171";"Дойная";"";"";"";"";"";""
"2542";"27.07.2015";"";"6";"28.03.2023";"310";"Дойная";"30.11.2023";"";"";"";"";""
"2577";"27.06.2016";"";"4";"29.05.2023";"248";"Осемененная";"19.10.2023";"19.10.2023";"";"";"";""
"2713";"29.09.2015";"";"6";"20.05.2023";"257";"Дойная";"";"";"";"";"";""
"2832";"30.06.2015";"";"7";"05.07.2023";"211";"Дойная";"";"";"";"";"";""
"3292";"26.10.2015";"";"6";"16.09.2023";"138";"Дойная";"";"";"";"";"";""
"3304";"20.03.2015";"";"6";"25.02.2023";"341";"Дойная";"19.10.2023";"";"";"";"";""
"3572";"02.10.2015";"";"6";"06.04.2023";"0";"Сухостой";"28.09.2023";"28.09.2023";"";"19.01.2024";"";""
"3584";"18.09.2015";"";"7";"22.09.2023";"132";"Осемененная";"30.11.2023";"30.11.2023";"";"";"";""
"3702";"07.08.2016";"";"5";"29.07.2023";"187";"Дойная";"";"";"";"";"";""
"3705";"12.06.2015";"";"6";"14.03.2023";"324";"Осемененная";"02.11.2023";"02.11.2023";"";"";"";""
"3723";"06.10.2016";"";"5";"11.04.2023";"296";"Дойная";"22.06.2023";"";"";"";"";""
"3916";"09.09.2015";"";"7";"02.10.2023";"122";"Осемененная";"14.12.2023";"14.12.2023";"";"";"";""
"3929";"08.10.2015";"";"6";"11.07.2023";"205";"Дойная";"";"";"";"";"";""
"4001";"08.04.2016";"";"6";"04.05.2023";"273";"Дойная";"04.01.2024";"";"";"";"";""
"4387";"24.09.2015";"";"6";"27.03.2023";"311";"Дойная";"08.06.2023";"";"";"";"";""
"4704";"24.11.2015";"";"6";"19.05.2023";"258";"Дойная";"18.01.2024";"";"";"";"";""
"4737";"27.02.2016";"";"6";"02.01.2024";"30";"Дойная";"";"";"";"";"";""
"4778";"30.09.2015";"";"6";"27.06.2023";"219";"Дойная";"";"";"";"";"";""
"4857";"23.05.2016";"";"5";"04.09.2023";"150";"Осемененная";"25.01.2024";"25.01.2024";"";"";"";""
"5085";"14.07.2015";"";"7";"28.10.2023";"96";"Дойная";"";"";"";"";"";""
"5190";"05.08.2016";"";"6";"11.12.2023";"52";"Дойная";"";"";"";"";"";""
"5349";"25.11.2016";"";"5";"04.04.2023";"303";"Дойная";"18.01.2024";"";"";"";"";""
"5370";"09.01.2017";"";"6";"30.10.2023";"94";"Дойная";"";"";"";"";"";""
"5647";"19.02.2016";"";"6";"08.04.2023";"299";"Дойная";"16.11.2023";"";"";"";"";""
"5660";"13.04.2023";"";"0";"";"0";"Телка";"";"";"";"";"";""
"5994";"09.06.2015";"";"6";"01.04.2023";"306";"Дойная";"24.08.2023";"";"";"";"";""
"6222";"24.04.2015";"";"7";"09.01.2024";"23";"Дойная";"";"";"";"";"";""
"6280";"20.06.2015";"";"6";"15.03.2023";"323";"Дойная";"23.11.2023";"";"";"";"";""
"7238";"07.08.2015";"";"7";"03.12.2023";"60";"Дойная";"";"";"";"";"";""
"7667";"09.09.2016";"";"5";"22.09.2023";"132";"Дойная";"30.11.2023";"";"";"";"";""
"7787";"23.12.2016";"";"6";"04.10.2023";"120";"Дойная";"";"";"";"";"";""
"8099";"07.10.2016";"";"6";"02.01.2024";"30";"Дойная";"";"";"";"";"";""
"8294";"05.07.2016";"";"5";"13.07.2023";"203";"Дойная";"";"";"";"";"";""
"8928";"31.12.2015";"";"7";"17.12.2023";"46";"Дойная";"";"";"";"";"";""
"9655";"03.11.2016";"";"6";"18.09.2023";"136";"Дойная";"";"";"";"";"";""
"10958";"22.10.2016";"";"5";"07.03.2023";"331";"Дойная";"23.11.2023";"";"";"";"";""
"12000";"24.12.2023";"";"0";"";"0";"Телка";"";"";"";"";"";""
"12001";"27.12.2023";"";"0";"";"0";"Телка";"";"";"";"";"";""
"12002";"28.12.2023";"";"0";"";"0";"Телка";"";"";"";"";"";""
"12003";"28.12.2023";"";"0";"";"0";"Телка";"";"";"";"";"";""
"12004";"28.12.2023";"";"0";"";"0";"Телка";"";"";"";"";"";""
"12005";"28.12.2023";"";"0";"";"0";"Телка";"";"";"";"";"";""
"12006";"30.12.2023";"";"0";"";"0";"Телка";"";"";"";"";"";""
"12007";"02.01.2024";"";"0";"";"0";"Телка";"";"";"";"";"";""
"12008";"01.01.2024";"";"0";"";"0";"Телка";"";"";"";"";"";""
"12009";"02.01.2024";"";"0";"";"0";"Телка";"";"";"";"";"";""
"12010";"02.01.2024";"";"0";"";"0";"Телка";"";"";"";"";"";""
"12012";"03.01.2024";"";"0";"";"0";"Телка";"";"";"";"";"";""
"12013";"04.01.2024";"";"0";"";"0";"Телка";"";"";"";"";"";""
"12014";"05.01.2024";"";"0";"";"0";"Телка";"";"";"";"";"";""
"12015";"06.01.2024";"";"0";"";"0";"Телка";"";"";"";"";"";""
"12016";"07.01.2024";"";"0";"";"0";"Телка";"";"";"";"";"";""
"12017";"08.01.2024";"";"0";"";"0";"Телка";"";"";"";"";"";""
"12018";"09.01.2024";"";"0";"";"0";"Телка";"";"";"";"";"";""
"12019";"11.01.2024";"";"0";"";"0";"Телка";"";"";"";"";"";""
"12020";"11.01.2024";"";"0";"";"0";"Телка";"";"";"";"";"";""
"12021";"11.01.2024";"";"0";"";"0";"Телка";"";"";"";"";"";""
"12022";"15.01.2024";"";"0";"";"0";"Телка";"";"";"";"";"";""
"12023";"15.01.2024";"";"0";"";"0";"Телка";"";"";"";"";"";""
"12024";"17.01.2024";"";"0";"";"0";"Телка";"";"";"";"";"";""
"12025";"18.01.2024";"";"0";"";"0";"Телка";"";"";"";"";"";""
"12026";"20.01.2024";"";"0";"";"0";"Телка";"";"";"";"";"";""
"12027";"20.01.2024";"";"0";"";"0";"Телка";"";"";"";"";"";""
"12028";"21.01.2024";"";"0";"";"0";"Телка";"";"";"";"";"";""
"13925";"05.11.2016";"";"5";"30.06.2023";"216";"Дойная";"";"";"";"";"";""
"14861";"15.11.2015";"";"7";"14.01.2024";"18";"Дойная";"";"";"";"";"";""
"20106";"11.05.2017";"";"5";"17.11.2023";"76";"Дойная";"";"";"";"";"";""
"20174";"29.05.2017";"";"5";"18.08.2023";"167";"Дойная";"";"";"";"";"";""
"20178";"30.05.2017";"";"5";"05.12.2023";"58";"Дойная";"";"";"";"";"";""
"20187";"02.06.2017";"";"5";"14.11.2023";"79";"Дойная";"";"";"";"";"";""
"20254";"19.06.2017";"";"5";"09.04.2023";"298";"Дойная";"18.01.2024";"";"";"";"";""
"20273";"24.06.2017";"";"4";"24.03.2023";"314";"Дойная";"19.10.2023";"";"";"";"";""
"20321";"16.07.2017";"";"5";"11.11.2023";"82";"Дойная";"";"";"";"";"";""
"20328";"18.07.2017";"";"5";"26.10.2023";"98";"Дойная";"";"";"";"";"";""
"20362";"02.08.2017";"";"5";"28.05.2023";"249";"Дойная";"28.12.2023";"";"";"";"";""
"20364";"05.08.2017";"";"5";"12.07.2023";"204";"Дойная";"30.11.2023";"";"";"";"";""
"20451";"13.09.2017";"";"4";"01.08.2023";"184";"Дойная";"12.10.2023";"";"";"";"";""
"20486";"29.09.2017";"";"4";"02.09.2023";"152";"Дойная";"";"";"";"";"";""
"20505";"09.10.2017";"";"4";"16.02.2023";"350";"Дойная";"28.09.2023";"";"";"";"";""
"20514";"12.10.2017";"";"5";"04.09.2023";"150";"Дойная";"";"";"";"";"";""
"20569";"02.11.2017";"";"4";"17.06.2023";"229";"Дойная";"";"";"";"";"";""
"20572";"03.11.2017";"";"5";"03.11.2023";"90";"Дойная";"";"";"";"";"";""
"20583";"09.11.2017";"";"5";"28.11.2023";"65";"Дойная";"";"";"";"";"";""
"20599";"19.11.2017";"";"4";"07.05.2023";"270";"Дойная";"16.11.2023";"";"";"";"";""
"20628";"01.12.2017";"";"4";"24.08.2023";"161";"Дойная";"";"";"";"";"";""
"20680";"14.12.2017";"";"5";"14.08.2023";"171";"Осемененная";"04.01.2024";"04.01.2024";"";"";"";""
"20724";"23.12.2017";"";"4";"21.07.2023";"195";"Дойная";"02.11.2023";"";"";"";"";""
"20739";"27.12.2017";"";"5";"17.09.2023";"137";"Дойная";"";"";"";"";"";""
"20760";"02.01.2018";"";"5";"25.10.2023";"99";"Дойная";"";"";"";"";"";""
"20834";"29.01.2018";"";"4";"06.10.2023";"118";"Дойная";"";"";"";"";"";""
"20845";"02.02.2018";"";"5";"09.12.2023";"54";"Дойная";"";"";"";"";"";""
"20855";"06.02.2018";"";"5";"11.01.2024";"21";"Дойная";"";"";"";"";"";""
"20857";"07.02.2018";"";"4";"15.03.2023";"323";"Дойная";"28.12.2023";"";"";"";"";""
"20877";"22.02.2018";"";"4";"19.04.2023";"288";"Дойная";"04.01.2024";"";"";"";"";""
"20895";"29.03.2018";"";"4";"24.06.2023";"222";"Осемененная";"16.11.2023";"16.11.2023";"";"";"";""
"20902";"08.04.2018";"";"4";"31.05.2023";"246";"Дойная";"";"";"";"";"";""
"20905";"12.04.2018";"";"4";"27.06.2023";"219";"Осемененная";"12.10.2023";"12.10.2023";"";"";"";""
"20929";"29.04.2018";"";"4";"13.04.2023";"294";"Дойная";"06.07.2023";"";"";"";"";""
"20938";"06.05.2018";"";"3";"06.07.2023";"210";"Дойная";"";"";"";"";"";""
"20951";"21.05.2018";"";"4";"30.09.2023";"124";"Дойная";"";"";"";"";"";""
"20952";"21.05.2018";"";"4";"23.03.2023";"315";"Дойная";"04.01.2024";"";"";"";"";""
"21002";"15.06.2018";"";"4";"15.09.2023";"139";"Дойная";"";"";"";"";"";""
"21041";"07.07.2018";"";"4";"31.12.2023";"32";"Дойная";"";"";"";"";"";""
"21049";"10.07.2018";"";"4";"12.05.2023";"265";"Дойная";"18.01.2024";"";"";"";"";""
"21053";"12.07.2018";"";"4";"18.10.2023";"106";"Дойная";"";"";"";"";"";""
"21162";"04.09.2018";"";"4";"02.01.2024";"30";"Дойная";"";"";"";"";"";""
"21182";"12.09.2018";"";"4";"02.08.2023";"183";"Дойная";"";"";"";"";"";""
"21188";"15.09.2018";"";"4";"13.07.2023";"203";"Дойная";"20.11.2023";"";"";"";"";""
"21196";"18.09.2018";"";"4";"15.11.2023";"78";"Дойная";"";"";"";"";"";""
"21218";"28.09.2018";"";"4";"22.10.2023";"102";"Дойная";"";"";"";"";"";""
"21222";"29.09.2018";"";"4";"11.11.2023";"82";"Осемененная";"25.01.2024";"25.01.2024";"";"";"";""
"21238";"07.10.2018";"";"3";"06.04.2023";"301";"Дойная";"";"";"";"";"";""
"21255";"15.10.2018";"";"4";"24.11.2023";"69";"Дойная";"";"";"";"";"";""
"21286";"02.11.2018";"";"3";"28.04.2023";"279";"Дойная";"19.10.2023";"";"";"";"";""
"21303";"11.11.2018";"";"4";"17.11.2023";"76";"Осемененная";"25.01.2024";"25.01.2024";"";"";"";""
"21320";"17.11.2018";"";"4";"07.10.2023";"117";"Осемененная";"25.01.2024";"25.01.2024";"";"";"";""
"21341";"26.11.2018";"";"3";"21.06.2023";"225";"Осемененная";"14.12.2023";"14.12.2023";"";"";"";""
"21344";"28.11.2018";"";"4";"19.12.2023";"44";"Дойная";"";"";"";"";"";""
"21431";"26.12.2018";"";"3";"05.03.2023";"333";"Дойная";"16.11.2023";"";"";"";"";""
"21471";"09.01.2019";"";"4";"16.12.2023";"47";"Дойная";"";"";"";"";"";""
"21517";"12.02.2019";"";"3";"06.07.2023";"210";"Осемененная";"23.11.2023";"23.11.2023";"";"";"";""
"21531";"18.02.2019";"";"3";"22.05.2023";"255";"Дойная";"21.12.2023";"";"";"";"";""
"21538";"24.02.2019";"";"3";"29.07.2023";"187";"Дойная";"";"";"";"";"";""
"21576";"15.03.2019";"";"4";"12.12.2023";"51";"Дойная";"";"";"";"";"";""
"21583";"19.03.2019";"";"3";"24.10.2023";"100";"Дойная";"";"";"";"";"";""
"21610";"06.04.2019";"";"4";"17.01.2024";"15";"Дойная";"";"";"";"";"";""
"21618";"09.04.2019";"";"4";"05.01.2024";"27";"Дойная";"";"";"";"";"";""
"21649";"18.04.2019";"";"3";"07.03.2023";"331";"Дойная";"28.12.2023";"";"";"";"";""
"21657";"19.04.2019";"";"4";"08.01.2024";"24";"Дойная";"";"";"";"";"";""
"21676";"25.04.2019";"";"3";"21.12.2023";"42";"Дойная";"";"";"";"";"";""
"21683";"27.04.2019";"";"3";"09.06.2023";"237";"Осемененная";"17.08.2023";"17.08.2023";"";"";"";""
"21687";"29.04.2019";"";"3";"28.04.2023";"279";"Дойная";"06.07.2023";"";"";"";"";""
"21768";"06.06.2019";"";"3";"23.06.2023";"223";"Дойная";"19.10.2023";"";"";"";"";""
"21790";"12.06.2019";"";"4";"26.01.2024";"6";"Дойная";"";"";"";"";"";""
"21812";"19.06.2019";"";"3";"08.08.2023";"177";"Дойная";"";"";"";"";"";""
"21848";"30.06.2019";"";"3";"30.07.2023";"186";"Осемененная";"16.11.2023";"16.11.2023";"";"";"";""
"21850";"01.07.2019";"";"3";"11.12.2023";"52";"Дойная";"";"";"";"";"";""
"21888";"15.07.2019";"";"3";"31.07.2023";"185";"Осемененная";"12.10.2023";"12.10.2023";"";"";"";""
"21900";"18.07.2019";"";"3";"09.08.2023";"176";"Дойная";"01.02.2024";"";"";"";"";""
"21910";"22.07.2019";"";"3";"19.11.2023";"74";"Дойная";"01.02.2024";"";"";"";"";""
"21921";"25.07.2019";"";"3";"10.07.2023";"206";"Дойная";"26.10.2023";"";"";"";"";""
"21922";"25.07.2019";"";"3";"19.06.2023";"227";"Дойная";"";"";"";"";"";""
"21923";"26.07.2019";"";"2";"30.11.2023";"63";"Дойная";"";"";"";"";"";""
"21929";"27.07.2019";"";"3";"28.12.2023";"35";"Дойная";"";"";"";"";"";""
"21982";"13.08.2019";"";"3";"23.12.2023";"40";"Дойная";"";"";"";"";"";""
"22007";"22.08.2019";"";"3";"15.12.2023";"48";"Дойная";"";"";"";"";"";""
"22012";"24.08.2019";"";"3";"19.05.2023";"258";"Дойная";"01.02.2024";"";"";"";"";""
"22028";"01.09.2019";"";"3";"12.12.2023";"51";"Дойная";"";"";"";"";"";""
"22063";"08.09.2019";"";"3";"22.09.2023";"132";"Осемененная";"30.11.2023";"30.11.2023";"";"";"";""
"22116";"04.10.2019";"";"3";"10.08.2023";"175";"Осемененная";"28.12.2023";"28.12.2023";"";"";"";""
"22118";"04.10.2019";"";"3";"28.07.2023";"188";"Осемененная";"05.10.2023";"05.10.2023";"";"";"";""
"22147";"22.10.2019";"";"3";"16.11.2023";"77";"Дойная";"";"";"";"";"";""
"22186";"04.11.2019";"";"3";"23.11.2023";"70";"Дойная";"";"";"";"";"";""
"22189";"05.11.2019";"";"3";"20.11.2023";"73";"Дойная";"";"";"";"";"";""
"22197";"08.11.2019";"";"3";"27.06.2023";"219";"Дойная";"";"";"";"";"";""
"22200";"09.11.2019";"";"2";"27.05.2023";"250";"Дойная";"11.09.2023";"";"";"";"";""
"22237";"21.11.2019";"";"3";"07.12.2023";"56";"Дойная";"";"";"";"";"";""
"22246";"23.11.2019";"";"2";"25.03.2023";"313";"Дойная";"04.01.2024";"";"";"";"";""
"22249";"24.11.2019";"";"3";"26.10.2023";"98";"Дойная";"";"";"";"";"";""
"22252";"26.11.2019";"";"3";"16.08.2023";"169";"Дойная";"";"";"";"";"";""
"22254";"26.11.2019";"";"3";"15.12.2023";"48";"Дойная";"";"";"";"";"";""
"22281";"06.12.2019";"";"2";"07.06.2023";"239";"Дойная";"";"";"";"";"";""
"22331";"26.12.2019";"";"3";"15.12.2023";"48";"Дойная";"";"";"";"";"";""
"22338";"29.12.2019";"";"3";"02.01.2024";"30";"Дойная";"";"";"";"";"";""
"22356";"09.01.2020";"";"3";"31.10.2023";"93";"Дойная";"";"";"";"";"";""
"22393";"25.01.2020";"";"3";"25.12.2023";"38";"Дойная";"";"";"";"";"";""
"22432";"18.02.2020";"";"3";"13.01.2024";"19";"Дойная";"";"";"";"";"";""
"22440";"21.02.2020";"";"2";"23.03.2023";"315";"Дойная";"18.01.2024";"";"";"";"";""
"22454";"01.03.2020";"";"3";"24.01.2024";"8";"Дойная";"";"";"";"";"";""
"22485";"22.03.2020";"";"2";"26.08.2023";"159";"Дойная";"";"";"";"";"";""
"22493";"25.03.2020";"";"2";"22.08.2023";"163";"Дойная";"02.11.2023";"";"";"";"";""
"22495";"27.03.2020";"";"2";"21.06.2023";"225";"Осемененная";"05.10.2023";"05.10.2023";"";"";"";""
"22500";"28.03.2020";"";"3";"29.01.2024";"3";"Дойная";"";"";"";"";"";""
"22505";"29.03.2020";"";"2";"15.06.2023";"231";"Дойная";"28.09.2023";"";"";"";"";""
"22508";"30.03.2020";"";"3";"10.01.2024";"22";"Дойная";"";"";"";"";"";""
"22511";"30.03.2020";"";"3";"15.01.2024";"17";"Дойная";"";"";"";"";"";""
"22525";"05.04.2020";"";"2";"28.06.2023";"218";"Дойная";"";"";"";"";"";""
"22535";"12.04.2020";"";"2";"02.04.2023";"305";"Дойная";"18.01.2024";"";"";"";"";""
"22537";"14.04.2020";"";"2";"18.03.2023";"320";"Дойная";"07.12.2023";"";"";"";"";""
"22561";"23.04.2020";"";"2";"23.10.2023";"101";"Дойная";"";"";"";"";"";""
"22565";"24.04.2020";"";"2";"18.02.2023";"348";"Дойная";"07.12.2023";"";"";"";"";""
"22578";"29.04.2020";"";"2";"08.08.2023";"177";"Дойная";"";"";"";"";"";""
"22583";"30.04.2020";"";"2";"24.09.2023";"130";"Дойная";"";"";"";"";"";""
"22658";"21.05.2020";"";"2";"21.04.2023";"286";"Дойная";"25.01.2024";"";"";"";"";""
"22695";"05.06.2020";"";"2";"09.10.2023";"115";"Дойная";"";"";"";"";"";""
"22696";"05.06.2020";"";"2";"25.06.2023";"221";"Осемененная";"18.01.2024";"18.01.2024";"";"";"";""
"22703";"09.06.2020";"";"2";"01.10.2023";"123";"Дойная";"01.02.2024";"";"";"";"";""
"22723";"17.06.2020";"";"2";"17.05.2023";"260";"Дойная";"14.12.2023";"";"";"";"";""
"22751";"25.06.2020";"";"2";"29.11.2023";"64";"Дойная";"";"";"";"";"";""
"22761";"28.06.2020";"";"2";"05.09.2023";"149";"Дойная";"";"";"";"";"";""
"22788";"09.07.2020";"";"2";"31.08.2023";"154";"Дойная";"";"";"";"";"";""
"22793";"12.07.2020";"";"2";"18.07.2023";"198";"Дойная";"07.12.2023";"";"";"";"";""
"22796";"13.07.2020";"";"2";"01.07.2023";"215";"Дойная";"09.10.2023";"";"";"";"";""
"22805";"16.07.2020";"";"2";"09.09.2023";"145";"Осемененная";"23.11.2023";"23.11.2023";"";"";"";""
"22810";"20.07.2020";"";"2";"02.09.2023";"152";"Дойная";"";"";"";"";"";""
"22833";"29.07.2020";"";"2";"11.11.2023";"82";"Осемененная";"25.01.2024";"25.01.2024";"";"";"";""
"22838";"02.08.2020";"";"2";"21.08.2023";"164";"Дойная";"";"";"";"";"";""
"22847";"05.08.2020";"";"2";"19.07.2023";"197";"Дойная";"";"";"";"";"";""
"22867";"12.08.2020";"";"2";"07.12.2023";"56";"Дойная";"";"";"";"";"";""
"22908";"26.08.2020";"";"2";"10.07.2023";"206";"Осемененная";"26.10.2023";"26.10.2023";"";"";"";""
"22920";"05.09.2020";"";"2";"22.07.2023";"194";"Дойная";"28.12.2023";"";"";"";"";""
"22929";"10.09.2020";"";"2";"26.09.2023";"128";"Дойная";"07.12.2023";"";"";"";"";""
"22937";"11.09.2020";"";"2";"09.11.2023";"84";"Дойная";"";"";"";"";"";""
"22953";"16.09.2020";"";"2";"10.08.2023";"175";"Дойная";"19.10.2023";"";"";"";"";""
"22954";"16.09.2020";"";"2";"05.12.2023";"58";"Дойная";"";"";"";"";"";""
"22971";"25.09.2020";"";"2";"31.08.2023";"154";"Дойная";"";"";"";"";"";""
"22979";"26.09.2020";"";"2";"26.09.2023";"128";"Осемененная";"07.12.2023";"07.12.2023";"";"";"";""
"22982";"27.09.2020";"";"2";"23.09.2023";"131";"Дойная";"";"";"";"";"";""
"23030";"16.10.2020";"";"2";"24.12.2023";"39";"Дойная";"";"";"";"";"";""
"23052";"26.10.2020";"";"1";"18.02.2023";"0";"Сухостой";"08.06.2023";"08.06.2023";"";"04.01.2024";"";""
"23085";"06.11.2020";"";"2";"21.01.2024";"11";"Дойная";"";"";"";"";"";""
"23089";"08.11.2020";"";"1";"10.03.2023";"328";"Дойная";"23.11.2023";"";"";"";"";""
"23090";"08.11.2020";"";"2";"05.12.2023";"58";"Дойная";"";"";"";"";"";""
"23108";"12.11.2020";"";"2";"30.12.2023";"33";"Дойная";"";"";"";"";"";""
"23112";"13.11.2020";"";"2";"10.12.2023";"53";"Дойная";"";"";"";"";"";""
"23159";"22.11.2020";"";"2";"01.01.2024";"31";"Дойная";"";"";"";"";"";""
"23170";"26.11.2020";"";"2";"24.09.2023";"130";"Осемененная";"07.12.2023";"07.12.2023";"";"";"";""
"23181";"29.11.2020";"";"2";"21.12.2023";"42";"Дойная";"";"";"";"";"";""
"23207";"10.12.2020";"";"1";"04.02.2023";"0";"Сухостой";"21.12.2023";"21.12.2023";"";"21.01.2024";"";""
"23240";"31.12.2020";"";"2";"28.10.2023";"96";"Осемененная";"10.01.2024";"10.01.2024";"";"";"";""
"23249";"02.01.2021";"";"2";"12.12.2023";"51";"Дойная";"";"";"";"";"";""
"23255";"04.01.2021";"";"2";"03.12.2023";"60";"Дойная";"";"";"";"";"";""
"23264";"07.01.2021";"";"2";"02.12.2023";"61";"Дойная";"";"";"";"";"";""
"23284";"13.01.2021";"";"2";"30.01.2024";"2";"Дойная";"";"";"";"";"";""
"23309";"19.01.2021";"";"2";"18.12.2023";"45";"Дойная";"";"";"";"";"";""
"23316";"22.01.2021";"";"2";"31.01.2024";"1";"Дойная";"";"";"";"";"";""
"23321";"24.01.2021";"";"1";"21.12.2022";"0";"Сухостой";"27.07.2023";"27.07.2023";"";"07.12.2023";"";""
"23337";"01.02.2021";"";"2";"25.12.2023";"38";"Дойная";"";"";"";"";"";""
"23358";"08.02.2021";"";"2";"02.01.2024";"30";"Дойная";"";"";"";"";"";""
"23403";"25.02.2021";"";"2";"07.12.2023";"56";"Дойная";"";"";"";"";"";""
"23419";"03.03.2021";"";"2";"05.11.2023";"88";"Дойная";"";"";"";"";"";""
"23439";"09.03.2021";"";"1";"24.04.2023";"283";"Дойная";"";"";"";"";"";""
"23455";"15.03.2021";"";"2";"24.12.2023";"39";"Дойная";"";"";"";"";"";""
"23458";"16.03.2021";"";"2";"19.12.2023";"44";"Дойная";"";"";"";"";"";""
"23477";"22.03.2021";"";"2";"08.11.2023";"85";"Дойная";"";"";"";"";"";""
"23489";"26.03.2021";"";"2";"13.12.2023";"50";"Дойная";"";"";"";"";"";""
"23516";"03.04.2021";"";"2";"16.12.2023";"47";"Дойная";"";"";"";"";"";""
"23528";"09.04.2021";"";"2";"28.01.2024";"4";"Дойная";"";"";"";"";"";""
"23569";"23.04.2021";"";"1";"18.04.2023";"0";"Сухостой";"29.06.2023";"29.06.2023";"";"12.01.2024";"";""
"23611";"07.05.2021";"";"2";"30.01.2024";"2";"Дойная";"";"";"";"";"";""
"23616";"09.05.2021";"";"2";"27.01.2024";"5";"Дойная";"";"";"";"";"";""
"23617";"10.05.2021";"";"1";"12.03.2023";"326";"Дойная";"25.05.2023";"";"";"";"";""
"23648";"23.05.2021";"";"1";"30.04.2023";"277";"Дойная";"";"";"";"";"";""
"23668";"01.06.2021";"";"1";"10.03.2023";"328";"Дойная";"23.11.2023";"";"";"";"";""
"23676";"03.06.2021";"";"1";"20.03.2023";"318";"Осемененная";"10.08.2023";"10.08.2023";"";"";"";""
"23694";"13.06.2021";"";"1";"07.04.2023";"300";"Дойная";"20.07.2023";"";"";"";"";""
"23705";"16.06.2021";"";"1";"16.02.2023";"350";"Дойная";"21.12.2023";"";"";"";"";""
"23753";"01.07.2021";"";"1";"24.05.2023";"253";"Дойная";"07.09.2023";"";"";"";"";""
"23765";"05.07.2021";"";"1";"02.07.2023";"214";"Дойная";"";"";"";"";"";""
"23799";"18.07.2021";"";"1";"02.05.2023";"275";"Дойная";"";"";"";"";"";""
"23812";"24.07.2021";"";"1";"16.04.2023";"291";"Дойная";"29.06.2023";"";"";"";"";""
"23834";"02.08.2021";"";"1";"26.05.2023";"251";"Дойная";"";"";"";"";"";""
"23836";"02.08.2021";"";"1";"27.09.2023";"127";"Дойная";"";"";"";"";"";""
"23854";"08.08.2021";"";"1";"08.05.2023";"269";"Дойная";"20.07.2023";"";"";"";"";""
"23893";"24.08.2021";"";"1";"19.06.2023";"227";"Дойная";"31.08.2023";"";"";"";"";""
"23939";"09.09.2021";"";"1";"30.06.2023";"216";"Дойная";"";"";"";"";"";""
"23967";"17.09.2021";"";"1";"06.08.2023";"179";"Осемененная";"19.10.2023";"19.10.2023";"";"";"";""
"24011";"04.10.2021";"";"1";"21.06.2023";"225";"Дойная";"21.12.2023";"";"";"";"";""
"24078";"26.10.2021";"";"1";"28.08.2023";"157";"Дойная";"";"";"";"";"";""
"24144";"16.11.2021";"";"1";"03.10.2023";"121";"Дойная";"";"";"";"";"";""
"24153";"20.11.2021";"";"1";"25.08.2023";"160";"Осемененная";"02.11.2023";"02.11.2023";"";"";"";""
"24155";"21.11.2021";"";"1";"29.08.2023";"156";"Осемененная";"09.11.2023";"09.11.2023";"";"";"";""
"24161";"24.11.2021";"";"1";"19.09.2023";"135";"Дойная";"";"";"";"";"";""
"24162";"24.11.2021";"";"1";"21.09.2023";"133";"Дойная";"";"";"";"";"";""
"24168";"29.11.2021";"";"1";"21.10.2023";"103";"Дойная";"";"";"";"";"";""
"24172";"02.12.2021";"";"1";"08.09.2023";"146";"Дойная";"";"";"";"";"";""
"24197";"17.12.2021";"";"1";"16.09.2023";"138";"Дойная";"04.01.2024";"";"";"";"";""
"24222";"28.12.2021";"";"1";"20.10.2023";"104";"Дойная";"";"";"";"";"";""
"24227";"30.12.2021";"";"1";"06.12.2023";"57";"Дойная";"";"";"";"";"";""
"24243";"04.01.2022";"";"1";"07.11.2023";"86";"Дойная";"18.01.2024";"";"";"";"";""
"24244";"04.01.2022";"";"1";"17.11.2023";"76";"Дойная";"25.01.2024";"";"";"";"";""
"24249";"05.01.2022";"";"1";"08.10.2023";"116";"Дойная";"";"";"";"";"";""
"24317";"29.01.2022";"";"1";"25.11.2023";"68";"Дойная";"";"";"";"";"";""
"24353";"14.02.2022";"";"1";"09.11.2023";"84";"Дойная";"";"";"";"";"";""
"24354";"15.02.2022";"";"0";"";"0";"Телка";"03.02.2023";"";"";"";"";""
"24361";"17.02.2022";"";"1";"27.12.2023";"36";"Дойная";"";"";"";"";"";""
"24442";"16.03.2022";"";"1";"23.11.2023";"70";"Дойная";"";"";"";"";"";""
"24473";"25.03.2022";"";"1";"11.12.2023";"52";"Дойная";"";"";"";"";"";""
"24478";"28.03.2022";"";"0";"";"0";"Стельная";"23.06.2023";"23.06.2023";"";"";"";""
"24496";"09.04.2022";"";"1";"04.01.2024";"28";"Дойная";"";"";"";"";"";""
"24501";"10.04.2022";"";"1";"17.01.2024";"15";"Дойная";"";"";"";"";"";""
"24514";"12.04.2022";"";"1";"25.01.2024";"7";"Дойная";"";"";"";"";"";""
"24561";"03.05.2022";"";"0";"";"0";"Телка";"";"";"";"";"";""
"24689";"22.06.2022";"";"0";"";"0";"Телка";"13.01.2024";"";"";"";"";""
"24717";"29.06.2022";"";"0";"";"0";"Стельная";"27.10.2023";"27.10.2023";"";"";"";""
"24800";"28.07.2022";"";"0";"";"0";"Телка";"11.08.2023";"";"";"";"";""
"24826";"06.08.2022";"";"0";"";"0";"Телка";"15.12.2023";"";"";"";"";""
"24847";"13.08.2022";"";"0";"";"0";"Телка";"";"";"";"";"";""
"24849";"13.08.2022";"";"0";"";"0";"Стельная";"08.11.2023";"08.11.2023";"";"";"";""
"24886";"27.11.2022";"";"0";"";"0";"Стельная";"22.11.2023";"22.11.2023";"";"";"";""
"24893";"29.08.2022";"";"0";"";"0";"Телка";"";"";"";"";"";""
"24921";"12.09.2022";"";"0";"";"0";"Телка";"20.01.2024";"";"";"";"";""
"24931";"16.09.2022";"";"0";"";"0";"Стельная";"06.10.2023";"06.10.2023";"";"";"";""
"24945";"23.09.2022";"";"0";"";"0";"Стельная";"29.10.2023";"29.10.2023";"";"";"";""
"24953";"25.09.2022";"";"0";"";"0";"Стельная";"27.09.2023";"27.09.2023";"";"";"";""
"24957";"26.09.2022";"";"0";"";"0";"Стельная";"27.09.2023";"27.09.2023";"";"";"";""
"24971";"01.10.2022";"";"0";"";"0";"Стельная";"30.10.2023";"30.10.2023";"";"";"";""
"24972";"01.10.2022";"";"0";"";"0";"Стельная";"08.11.2023";"08.11.2023";"";"";"";""
"24981";"04.10.2022";"";"0";"";"0";"Стельная";"30.10.2023";"30.10.2023";"";"";"";""
"24986";"06.10.2022";"";"0";"";"0";"Стельная";"26.10.2023";"26.10.2023";"";"";"";""
"24987";"06.10.2022";"";"0";"";"0";"Стельная";"18.10.2023";"18.10.2023";"";"";"";""
"24997";"10.10.2022";"";"0";"";"0";"Стельная";"07.11.2023";"07.11.2023";"";"";"";""
"24998";"10.10.2022";"";"0";"";"0";"Стельная";"09.11.2023";"09.11.2023";"";"";"";""
"24999";"11.10.2022";"";"0";"";"0";"Стельная";"09.11.2023";"09.11.2023";"";"";"";""
"25001";"11.10.2022";"";"0";"";"0";"Стельная";"15.10.2023";"15.10.2023";"";"";"";""
"25012";"17.10.2022";"";"0";"";"0";"Стельная";"26.10.2023";"26.10.2023";"";"";"";""
"25037";"25.10.2022";"";"0";"";"0";"Стельная";"03.11.2023";"03.11.2023";"";"";"";""
"25041";"27.10.2022";"";"0";"";"0";"Стельная";"30.10.2023";"30.10.2023";"";"";"";""
"25043";"27.10.2022";"";"0";"";"0";"Стельная";"22.11.2023";"22.11.2023";"";"";"";""
"25044";"27.10.2022";"";"0";"";"0";"Стельная";"03.12.2023";"03.12.2023";"";"";"";""
"25047";"29.10.2022";"";"0";"";"0";"Стельная";"02.11.2023";"02.11.2023";"";"";"";""
"25062";"15.11.2022";"";"0";"";"0";"Стельная";"22.11.2023";"22.11.2023";"";"";"";""
"25078";"07.11.2022";"";"0";"";"0";"Стельная";"16.01.2024";"16.01.2024";"";"";"";""
"25084";"09.11.2022";"";"0";"";"0";"Телка";"";"";"";"";"";""
"25092";"15.11.2022";"";"0";"";"0";"Стельная";"26.11.2023";"26.11.2023";"";"";"";""
"25093";"15.11.2022";"";"0";"";"0";"Стельная";"03.12.2023";"03.12.2023";"";"";"";""
"25095";"18.11.2022";"";"0";"";"0";"Стельная";"13.12.2023";"13.12.2023";"";"";"";""
"25098";"20.11.2022";"";"0";"";"0";"Телка";"24.12.2023";"";"";"";"";""
"25101";"20.11.2022";"";"0";"";"0";"Стельная";"12.12.2023";"12.12.2023";"";"";"";""
"25110";"27.11.2022";"";"0";"";"0";"Телка";"";"";"";"";"";""
"25122";"04.12.2022";"";"0";"";"0";"Телка";"";"";"";"";"";""
"25126";"05.12.2022";"";"0";"";"0";"Стельная";"03.12.2023";"03.12.2023";"";"";"";""
"25142";"11.12.2022";"";"0";"";"0";"Стельная";"18.12.2023";"18.12.2023";"";"";"";""
"25143";"12.12.2022";"";"0";"";"0";"Телка";"";"";"";"";"";""
"25145";"12.12.2022";"";"0";"";"0";"Телка";"";"";"";"";"";""
"25155";"19.12.2022";"";"0";"";"0";"Телка";"";"";"";"";"";""
"25158";"19.12.2022";"";"0";"";"0";"Стельная";"19.12.2023";"19.12.2023";"";"";"";""
"25163";"20.12.2022";"";"0";"";"0";"Стельная";"14.01.2024";"14.01.2024";"";"";"";""
"25174";"23.12.2022";"";"0";"";"0";"Телка";"";"";"";"";"";""
"25195";"28.12.2022";"";"0";"";"0";"Телка";"21.01.2024";"";"";"";"";""
"25201";"30.12.2022";"";"0";"";"0";"Телка";"";"";"";"";"";""
"25203";"31.12.2022";"";"0";"";"0";"Телка";"";"";"";"";"";""
"25209";"31.12.2022";"";"0";"";"0";"Телка";"";"";"";"";"";""
"25210";"31.12.2022";"";"0";"";"0";"Стельная";"16.12.2023";"16.12.2023";"";"";"";""
"25211";"31.12.2022";"";"0";"";"0";"Телка";"";"";"";"";"";""
"25222";"03.01.2023";"";"0";"";"0";"Телка";"";"";"";"";"";""
"25232";"04.01.2023";"";"0";"";"0";"Телка";"";"";"";"";"";""
"25233";"05.01.2023";"";"0";"";"0";"Телка";"";"";"";"";"";""
"25236";"06.01.2023";"";"0";"";"0";"Телка";"";"";"";"";"";""
"25239";"06.01.2023";"";"0";"";"0";"Телка";"";"";"";"";"";""
"25240";"06.01.2023";"";"0";"";"0";"Телка";"";"";"";"";"";""
"25247";"10.01.2023";"";"0";"";"0";"Телка";"";"";"";"";"";""
"25254";"13.01.2023";"";"0";"";"0";"Телка";"";"";"";"";"";""
"25256";"13.01.2023";"";"0";"";"0";"Телка";"";"";"";"";"";""
"25259";"13.01.2023";"";"0";"";"0";"Телка";"";"";"";"";"";""
"25263";"15.01.2023";"";"0";"";"0";"Телка";"";"";"";"";"";""
"25270";"17.01.2023";"";"0";"";"0";"Телка";"";"";"";"";"";""
"25273";"18.01.2023";"";"0";"";"0";"Телка";"";"";"";"";"";""
"25276";"19.01.2023";"";"0";"";"0";"Телка";"";"";"";"";"";""
"25279";"20.01.2023";"";"0";"";"0";"Телка";"";"";"";"";"";""
"25280";"20.01.2023";"";"0";"";"0";"Телка";"";"";"";"";"";""
"25287";"22.01.2023";"";"0";"";"0";"Телка";"";"";"";"";"";""
"25289";"22.01.2023";"";"0";"";"0";"Телка";"";"";"";"";"";""
"25292";"24.01.2023";"";"0";"";"0";"Телка";"";"";"";"";"";""
"25296";"26.01.2023";"";"0";"";"0";"Телка";"";"";"";"";"";""
"25300";"27.01.2023";"";"0";"";"0";"Телка";"";"";"";"";"";""
"25305";"29.01.2023";"";"0";"";"0";"Телка";"";"";"";"";"";""
"25311";"01.02.2023";"";"0";"";"0";"Телка";"";"";"";"";"";""
"25312";"01.02.2023";"";"0";"";"0";"Телка";"";"";"";"";"";""
"25322";"04.02.2023";"";"0";"";"0";"Телка";"";"";"";"";"";""
"25325";"05.02.2023";"";"0";"";"0";"Телка";"";"";"";"";"";""
"25329";"06.02.2023";"";"0";"";"0";"Телка";"";"";"";"";"";""
"25330";"06.02.2023";"";"0";"";"0";"Телка";"";"";"";"";"";""
"25332";"06.02.2023";"";"0";"";"0";"Телка";"";"";"";"";"";""
"25341";"10.02.2023";"";"0";"";"0";"Телка";"";"";"";"";"";""
"25342";"11.02.2023";"";"0";"";"0";"Телка";"";"";"";"";"";""
"25351";"14.02.2023";"";"0";"";"0";"Телка";"";"";"";"";"";""
"25352";"14.02.2023";"";"0";"";"0";"Телка";"";"";"";"";"";""
"25357";"16.02.2023";"";"0";"";"0";"Телка";"";"";"";"";"";""
"25358";"16.02.2023";"";"0";"";"0";"Телка";"";"";"";"";"";""
"25359";"16.02.2023";"";"0";"";"0";"Телка";"";"";"";"";"";""
"25366";"18.02.2023";"";"0";"";"0";"Телка";"";"";"";"";"";""
"25368";"18.02.2023";"";"0";"";"0";"Телка";"";"";"";"";"";""
"25370";"18.02.2023";"";"0";"";"0";"Телка";"";"";"";"";"";""
"25371";"18.02.2023";"";"0";"";"0";"Телка";"";"";"";"";"";""
"25372";"18.02.2023";"";"0";"";"0";"Телка";"";"";"";"";"";""
"25376";"20.02.2023";"";"0";"";"0";"Телка";"";"";"";"";"";""
"25380";"21.02.2023";"";"0";"";"0";"Телка";"";"";"";"";"";""
"25391";"26.02.2023";"";"0";"";"0";"Телка";"";"";"";"";"";""
"25392";"26.02.2023";"";"0";"";"0";"Телка";"";"";"";"";"";""
"25396";"27.02.2023";"";"0";"";"0";"Телка";"";"";"";"";"";""
"25402";"01.03.2023";"";"0";"";"0";"Телка";"";"";"";"";"";""
"25404";"01.03.2023";"";"0";"";"0";"Телка";"";"";"";"";"";""
"25406";"01.03.2023";"";"0";"";"0";"Телка";"";"";"";"";"";""
"25407";"02.03.2023";"";"0";"";"0";"Телка";"";"";"";"";"";""
"25410";"04.03.2023";"";"0";"";"0";"Телка";"";"";"";"";"";""
"25413";"05.03.2023";"";"0";"";"0";"Телка";"";"";"";"";"";""
"25415";"09.03.2023";"";"0";"";"0";"Телка";"";"";"";"";"";""
"25416";"05.03.2023";"";"0";"";"0";"Телка";"";"";"";"";"";""
"25420";"07.03.2023";"";"0";"";"0";"Телка";"";"";"";"";"";""
"25421";"07.03.2023";"";"0";"";"0";"Телка";"";"";"";"";"";""
"25428";"09.03.2023";"";"0";"";"0";"Телка";"";"";"";"";"";""
"25430";"10.03.2023";"";"0";"";"0";"Телка";"";"";"";"";"";""
"25431";"11.03.2023";"";"0";"";"0";"Телка";"";"";"";"";"";""
"25433";"11.03.2023";"";"0";"";"0";"Телка";"";"";"";"";"";""
"25435";"12.03.2023";"";"0";"";"0";"Телка";"";"";"";"";"";""
"25437";"12.03.2023";"";"0";"";"0";"Телка";"";"";"";"";"";""
"25438";"13.03.2023";"";"0";"";"0";"Телка";"";"";"";"";"";""
"25439";"13.03.2023";"";"0";"";"0";"Телка";"";"";"";"";"";""
"25443";"14.03.2023";"";"0";"";"0";"Телка";"";"";"";"";"";""
"25445";"14.03.2023";"";"0";"";"0";"Телка";"";"";"";"";"";""
"25446";"14.03.2023";"";"0";"";"0";"Телка";"";"";"";"";"";""
"25447";"15.03.2023";"";"0";"";"0";"Телка";"";"";"";"";"";""
"25448";"15.03.2023";"";"0";"";"0";"Телка";"";"";"";"";"";""
"25451";"16.03.2023";"";"0";"";"0";"Телка";"";"";"";"";"";""
"25452";"17.03.2023";"";"0";"";"0";"Телка";"";"";"";"";"";""
"25454";"18.03.2023";"";"0";"";"0";"Телка";"";"";"";"";"";""
"25456";"19.03.2023";"";"0";"";"0";"Телка";"";"";"";"";"";""
"25457";"19.03.2023";"";"0";"";"0";"Телка";"";"";"";"";"";""
"25462";"22.03.2023";"";"0";"";"0";"Телка";"";"";"";"";"";""
"25464";"22.03.2023";"";"0";"";"0";"Телка";"";"";"";"";"";""
"25466";"23.03.2023";"";"0";"";"0";"Телка";"";"";"";"";"";""
"25469";"23.03.2023";"";"0";"";"0";"Телка";"";"";"";"";"";""
"25472";"24.03.2023";"";"0";"";"0";"Телка";"";"";"";"";"";""
"25476";"26.03.2023";"";"0";"";"0";"Телка";"";"";"";"";"";""
"25480";"27.03.2023";"";"0";"";"0";"Телка";"";"";"";"";"";""
"25481";"27.03.2023";"";"0";"";"0";"Телка";"";"";"";"";"";""
"25484";"28.03.2023";"";"0";"";"0";"Телка";"";"";"";"";"";""
"25485";"28.03.2023";"";"0";"";"0";"Телка";"";"";"";"";"";""
"25486";"28.03.2023";"";"0";"";"0";"Телка";"";"";"";"";"";""
"25487";"29.03.2023";"";"0";"";"0";"Телка";"";"";"";"";"";""
"25491";"30.03.2023";"";"0";"";"0";"Телка";"";"";"";"";"";""
"25492";"30.03.2023";"";"0";"";"0";"Телка";"";"";"";"";"";""
"25496";"01.04.2023";"";"0";"";"0";"Телка";"";"";"";"";"";""
"25498";"02.04.2023";"";"0";"";"0";"Телка";"";"";"";"";"";""
"25499";"02.04.2023";"";"0";"";"0";"Телка";"";"";"";"";"";""
"25500";"02.04.2023";"";"0";"";"0";"Телка";"";"";"";"";"";""
"25503";"03.04.2023";"";"0";"";"0";"Телка";"";"";"";"";"";""
"25505";"04.04.2023";"";"0";"";"0";"Телка";"";"";"";"";"";""
"25508";"04.04.2023";"";"0";"";"0";"Телка";"";"";"";"";"";""
"25510";"05.04.2023";"";"0";"";"0";"Телка";"";"";"";"";"";""
"25511";"05.04.2023";"";"0";"";"0";"Телка";"";"";"";"";"";""
"25513";"06.04.2023";"";"0";"";"0";"Телка";"";"";"";"";"";""
"25515";"06.04.2023";"";"0";"";"0";"Телка";"";"";"";"";"";""
"25519";"07.04.2023";"";"0";"";"0";"Телка";"";"";"";"";"";""
"25521";"07.04.2023";"";"0";"";"0";"Телка";"";"";"";"";"";""
"25522";"08.04.2023";"";"0";"";"0";"Телка";"";"";"";"";"";""
"25523";"08.04.2023";"";"0";"";"0";"Телка";"";"";"";"";"";""
"25525";"09.04.2023";"";"0";"";"0";"Телка";"";"";"";"";"";""
"25528";"12.04.2023";"";"0";"";"0";"Телка";"";"";"";"";"";""
"25529";"12.04.2023";"";"0";"";"0";"Телка";"";"";"";"";"";""
"25530";"12.04.2023";"";"0";"";"0";"Телка";"";"";"";"";"";""
"25531";"13.04.2023";"";"0";"";"0";"Телка";"";"";"";"";"";""
"25533";"13.04.2023";"";"0";"";"0";"Телка";"";"";"";"";"";""
"25535";"15.04.2023";"";"0";"";"0";"Телка";"";"";"";"";"";""
"25537";"17.04.2023";"";"0";"";"0";"Телка";"";"";"";"";"";""
"25538";"19.04.2023";"";"0";"";"0";"Телка";"";"";"";"";"";""
"25539";"17.04.2023";"";"0";"";"0";"Телка";"";"";"";"";"";""
"25540";"17.04.2023";"";"0";"";"0";"Телка";"";"";"";"";"";""
"25542";"18.04.2023";"";"0";"";"0";"Телка";"";"";"";"";"";""
"25544";"18.04.2023";"";"0";"";"0";"Телка";"";"";"";"";"";""
"25545";"19.04.2023";"";"0";"";"0";"Телка";"";"";"";"";"";""
"25546";"19.04.2023";"";"0";"";"0";"Телка";"";"";"";"";"";""
"25548";"20.04.2023";"";"0";"";"0";"Телка";"";"";"";"";"";""
"25549";"20.04.2023";"";"0";"";"0";"Телка";"";"";"";"";"";""
"25550";"20.04.2023";"";"0";"";"0";"Телка";"";"";"";"";"";""
"25551";"20.04.2023";"";"0";"";"0";"Телка";"";"";"";"";"";""
"25553";"21.04.2023";"";"0";"";"0";"Телка";"";"";"";"";"";""
"25554";"21.04.2023";"";"0";"";"0";"Телка";"";"";"";"";"";""
"25555";"22.04.2023";"";"0";"";"0";"Телка";"";"";"";"";"";""
"25556";"23.04.2023";"";"0";"";"0";"Телка";"";"";"";"";"";""
"25557";"23.04.2023";"";"0";"";"0";"Телка";"";"";"";"";"";""
"25558";"23.04.2023";"";"0";"";"0";"Телка";"";"";"";"";"";""
"25560";"24.04.2023";"";"0";"";"0";"Телка";"";"";"";"";"";""
"25562";"24.04.2023";"";"0";"";"0";"Телка";"";"";"";"";"";""
"25563";"24.04.2023";"";"0";"";"0";"Телка";"";"";"";"";"";""
"25564";"26.04.2023";"";"0";"";"0";"Телка";"";"";"";"";"";""
"25567";"27.04.2023";"";"0";"";"0";"Телка";"";"";"";"";"";""
"25568";"27.04.2023";"";"0";"";"0";"Телка";"";"";"";"";"";""
"25569";"27.04.2023";"";"0";"";"0";"Телка";"";"";"";"";"";""
"25570";"27.04.2023";"";"0";"";"0";"Телка";"";"";"";"";"";""
"25571";"27.04.2023";"";"0";"";"0";"Телка";"";"";"";"";"";""
"25572";"28.04.2023";"";"0";"";"0";"Телка";"";"";"";"";"";""
"25573";"29.04.2023";"";"0";"";"0";"Телка";"";"";"";"";"";""
"25575";"29.04.2023";"";"0";"";"0";"Телка";"";"";"";"";"";""
"25576";"29.04.2023";"";"0";"";"0";"Телка";"";"";"";"";"";""
"25577";"30.04.2023";"";"0";"";"0";"Телка";"";"";"";"";"";""
"25579";"30.04.2023";"";"0";"";"0";"Телка";"";"";"";"";"";""
"25580";"30.04.2023";"";"0";"";"0";"Телка";"";"";"";"";"";""
"25581";"30.04.2023";"";"0";"";"0";"Телка";"";"";"";"";"";""
"25582";"01.05.2023";"";"0";"";"0";"Телка";"";"";"";"";"";""
"25585";"02.05.2023";"";"0";"";"0";"Телка";"";"";"";"";"";""
"25587";"02.05.2023";"";"0";"";"0";"Телка";"";"";"";"";"";""
"25588";"03.05.2023";"";"0";"";"0";"Телка";"";"";"";"";"";""
"25590";"03.05.2023";"";"0";"";"0";"Телка";"";"";"";"";"";""
"25592";"08.05.2023";"";"0";"";"0";"Телка";"";"";"";"";"";""
"25593";"08.05.2023";"";"0";"";"0";"Телка";"";"";"";"";"";""
"25594";"09.05.2023";"";"0";"";"0";"Телка";"";"";"";"";"";""
"25595";"09.05.2023";"";"0";"";"0";"Телка";"";"";"";"";"";""
"25597";"11.05.2023";"";"0";"";"0";"Телка";"";"";"";"";"";""
"25598";"11.05.2023";"";"0";"";"0";"Телка";"";"";"";"";"";""
"25599";"11.05.2023";"";"0";"";"0";"Телка";"";"";"";"";"";""
"25600";"13.05.2023";"";"0";"";"0";"Телка";"";"";"";"";"";""
"25601";"13.05.2023";"";"0";"";"0";"Телка";"";"";"";"";"";""
"25602";"14.05.2023";"";"0";"";"0";"Телка";"";"";"";"";"";""
"25604";"14.05.2023";"";"0";"";"0";"Телка";"";"";"";"";"";""
"25605";"16.05.2023";"";"0";"";"0";"Телка";"";"";"";"";"";""
"25606";"16.05.2023";"";"0";"";"0";"Телка";"";"";"";"";"";""
"25607";"17.05.2023";"";"0";"";"0";"Телка";"";"";"";"";"";""
"25609";"17.05.2023";"";"0";"";"0";"Телка";"";"";"";"";"";""
"25610";"17.05.2023";"";"0";"";"0";"Телка";"";"";"";"";"";""
"25611";"18.05.2023";"";"0";"";"0";"Телка";"";"";"";"";"";""
"25612";"19.05.2023";"";"0";"";"0";"Телка";"";"";"";"";"";""
"25613";"19.05.2023";"";"0";"";"0";"Телка";"";"";"";"";"";""
"25614";"19.05.2023";"";"0";"";"0";"Телка";"";"";"";"";"";""
"25615";"19.05.2023";"";"0";"";"0";"Телка";"";"";"";"";"";""
"25616";"19.05.2023";"";"0";"";"0";"Телка";"";"";"";"";"";""
"25617";"20.05.2023";"";"0";"";"0";"Телка";"";"";"";"";"";""
"25620";"22.05.2023";"";"0";"";"0";"Телка";"";"";"";"";"";""
"25621";"22.05.2023";"";"0";"";"0";"Телка";"";"";"";"";"";""
"25622";"23.05.2023";"";"0";"";"0";"Телка";"";"";"";"";"";""
"25624";"24.05.2023";"";"0";"";"0";"Телка";"";"";"";"";"";""
"25625";"24.05.2023";"";"0";"";"0";"Телка";"";"";"";"";"";""
"25626";"25.05.2023";"";"0";"";"0";"Телка";"";"";"";"";"";""
"25627";"25.05.2023";"";"0";"";"0";"Телка";"";"";"";"";"";""
"25628";"25.05.2023";"";"0";"";"0";"Телка";"";"";"";"";"";""
"25629";"25.05.2023";"";"0";"";"0";"Телка";"";"";"";"";"";""
"25630";"26.05.2023";"";"0";"";"0";"Телка";"";"";"";"";"";""
"25631";"26.05.2023";"";"0";"";"0";"Телка";"";"";"";"";"";""
"25632";"26.05.2023";"";"0";"";"0";"Телка";"";"";"";"";"";""
"25633";"27.05.2023";"";"0";"";"0";"Телка";"";"";"";"";"";""
"25634";"27.05.2023";"";"0";"";"0";"Телка";"";"";"";"";"";""
"25635";"27.05.2023";"";"0";"";"0";"Телка";"";"";"";"";"";""
"25637";"28.05.2023";"";"0";"";"0";"Телка";"";"";"";"";"";""
"25638";"28.05.2023";"";"0";"";"0";"Телка";"";"";"";"";"";""
"25639";"29.05.2023";"";"0";"";"0";"Телка";"";"";"";"";"";""
"25640";"29.05.2023";"";"0";"";"0";"Телка";"";"";"";"";"";""
"25641";"29.05.2023";"";"0";"";"0";"Телка";"";"";"";"";"";""
"25643";"29.05.2023";"";"0";"";"0";"Телка";"";"";"";"";"";""
"25644";"29.05.2023";"";"0";"";"0";"Телка";"";"";"";"";"";""
"25645";"29.05.2023";"";"0";"";"0";"Телка";"";"";"";"";"";""
"25646";"29.05.2023";"";"0";"";"0";"Телка";"";"";"";"";"";""
"25647";"30.05.2023";"";"0";"";"0";"Телка";"";"";"";"";"";""
"25648";"31.05.2023";"";"0";"";"0";"Телка";"";"";"";"";"";""
"25649";"31.05.2023";"";"0";"";"0";"Телка";"";"";"";"";"";""
"25650";"31.05.2023";"";"0";"";"0";"Телка";"";"";"";"";"";""
"25651";"31.05.2023";"";"0";"";"0";"Телка";"";"";"";"";"";""
"25652";"31.05.2023";"";"0";"";"0";"Телка";"";"";"";"";"";""
"25653";"31.05.2023";"";"0";"";"0";"Телка";"";"";"";"";"";""
"25656";"01.06.2023";"";"0";"";"0";"Телка";"";"";"";"";"";""
"25657";"02.06.2023";"";"0";"";"0";"Телка";"";"";"";"";"";""
"25658";"03.06.2023";"";"0";"";"0";"Телка";"";"";"";"";"";""
"25659";"03.06.2023";"";"0";"";"0";"Телка";"";"";"";"";"";""
"25660";"03.06.2023";"";"0";"";"0";"Телка";"";"";"";"";"";""
"25661";"03.06.2023";"";"0";"";"0";"Телка";"";"";"";"";"";""
"25662";"04.06.2023";"";"0";"";"0";"Телка";"";"";"";"";"";""
"25663";"05.06.2023";"";"0";"";"0";"Телка";"";"";"";"";"";""
"25664";"06.06.2023";"";"0";"";"0";"Телка";"";"";"";"";"";""
"25665";"06.06.2023";"";"0";"";"0";"Телка";"";"";"";"";"";""
"25666";"06.06.2023";"";"0";"";"0";"Телка";"";"";"";"";"";""
"25667";"07.06.2023";"";"0";"";"0";"Телка";"";"";"";"";"";""
"25668";"09.06.2023";"";"0";"";"0";"Телка";"";"";"";"";"";""
"25669";"10.06.2023";"";"0";"";"0";"Телка";"";"";"";"";"";""
"25670";"10.06.2023";"";"0";"";"0";"Телка";"";"";"";"";"";""
"25671";"11.06.2023";"";"0";"";"0";"Телка";"";"";"";"";"";""
"25672";"11.06.2023";"";"0";"";"0";"Телка";"";"";"";"";"";""
"25674";"11.06.2023";"";"0";"";"0";"Телка";"";"";"";"";"";""
"25675";"13.06.2023";"";"0";"";"0";"Телка";"";"";"";"";"";""
"25676";"13.06.2023";"";"0";"";"0";"Телка";"";"";"";"";"";""
"25677";"14.06.2023";"";"0";"";"0";"Телка";"";"";"";"";"";""
"25678";"14.06.2023";"";"0";"";"0";"Телка";"";"";"";"";"";""
"25680";"15.06.2023";"";"0";"";"0";"Телка";"";"";"";"";"";""
"25681";"15.06.2023";"";"0";"";"0";"Телка";"";"";"";"";"";""
"25682";"16.06.2023";"";"0";"";"0";"Телка";"";"";"";"";"";""
"25686";"18.06.2023";"";"0";"";"0";"Телка";"";"";"";"";"";""
"25687";"18.06.2023";"";"0";"";"0";"Телка";"";"";"";"";"";""
"25688";"18.06.2023";"";"0";"";"0";"Телка";"";"";"";"";"";""
"25690";"19.06.2023";"";"0";"";"0";"Телка";"";"";"";"";"";""
"25691";"19.06.2023";"";"0";"";"0";"Телка";"";"";"";"";"";""
"25692";"20.06.2023";"";"0";"";"0";"Телка";"";"";"";"";"";""
"25693";"20.06.2023";"";"0";"";"0";"Телка";"";"";"";"";"";""
"25694";"20.06.2023";"";"0";"";"0";"Телка";"";"";"";"";"";""
"25695";"21.06.2023";"";"0";"";"0";"Телка";"";"";"";"";"";""
"25696";"21.06.2023";"";"0";"";"0";"Телка";"";"";"";"";"";""
"25697";"21.06.2023";"";"0";"";"0";"Телка";"";"";"";"";"";""
"25698";"21.06.2023";"";"0";"";"0";"Телка";"";"";"";"";"";""
"25699";"21.06.2023";"";"0";"";"0";"Телка";"";"";"";"";"";""
"25700";"22.06.2023";"";"0";"";"0";"Телка";"";"";"";"";"";""
"25701";"22.06.2023";"";"0";"";"0";"Телка";"";"";"";"";"";""
"25702";"22.06.2023";"";"0";"";"0";"Телка";"";"";"";"";"";""
"25703";"23.06.2023";"";"0";"";"0";"Телка";"";"";"";"";"";""
"25704";"23.06.2023";"";"0";"";"0";"Телка";"";"";"";"";"";""
"25705";"24.06.2023";"";"0";"";"0";"Телка";"";"";"";"";"";""
"25706";"24.06.2023";"";"0";"";"0";"Телка";"";"";"";"";"";""
"25707";"26.06.2023";"";"0";"";"0";"Телка";"";"";"";"";"";""
"25709";"24.06.2023";"";"0";"";"0";"Телка";"";"";"";"";"";""
"25711";"26.06.2023";"";"0";"";"0";"Телка";"";"";"";"";"";""
"25713";"26.06.2023";"";"0";"";"0";"Телка";"";"";"";"";"";""
"25714";"26.06.2023";"";"0";"";"0";"Телка";"";"";"";"";"";""
"25715";"27.06.2023";"";"0";"";"0";"Телка";"";"";"";"";"";""
"25716";"27.06.2023";"";"0";"";"0";"Телка";"";"";"";"";"";""
"25717";"27.06.2023";"";"0";"";"0";"Телка";"";"";"";"";"";""
"25719";"28.06.2023";"";"0";"";"0";"Телка";"";"";"";"";"";""
"25720";"28.06.2023";"";"0";"";"0";"Телка";"";"";"";"";"";""
"25721";"28.06.2023";"";"0";"";"0";"Телка";"";"";"";"";"";""
"25723";"29.06.2023";"";"0";"";"0";"Телка";"";"";"";"";"";""
"25725";"29.06.2023";"";"0";"";"0";"Телка";"";"";"";"";"";""
"25727";"30.06.2023";"";"0";"";"0";"Телка";"";"";"";"";"";""
"25729";"01.07.2023";"";"0";"";"0";"Телка";"";"";"";"";"";""
"25731";"02.07.2023";"";"0";"";"0";"Телка";"";"";"";"";"";""
"25732";"02.07.2023";"";"0";"";"0";"Телка";"";"";"";"";"";""
"25733";"02.07.2023";"";"0";"";"0";"Телка";"";"";"";"";"";""
"25734";"02.07.2023";"";"0";"";"0";"Телка";"";"";"";"";"";""
"25736";"04.07.2023";"";"0";"";"0";"Телка";"";"";"";"";"";""
"25737";"06.07.2023";"";"0";"";"0";"Телка";"";"";"";"";"";""
"25738";"06.07.2023";"";"0";"";"0";"Телка";"";"";"";"";"";""
"25739";"06.07.2023";"";"0";"";"0";"Телка";"";"";"";"";"";""
"25740";"07.07.2023";"";"0";"";"0";"Телка";"";"";"";"";"";""
"25741";"07.07.2023";"";"0";"";"0";"Телка";"";"";"";"";"";""
"25742";"07.07.2023";"";"0";"";"0";"Телка";"";"";"";"";"";""
"25743";"07.07.2023";"";"0";"";"0";"Телка";"";"";"";"";"";""
"25745";"08.07.2023";"";"0";"";"0";"Телка";"";"";"";"";"";""
"25746";"08.07.2023";"";"0";"";"0";"Телка";"";"";"";"";"";""
"25748";"09.07.2023";"";"0";"";"0";"Телка";"";"";"";"";"";""
"25749";"10.07.2023";"";"0";"";"0";"Телка";"";"";"";"";"";""
"25750";"10.07.2023";"";"0";"";"0";"Телка";"";"";"";"";"";""
"25751";"10.07.2023";"";"0";"";"0";"Телка";"";"";"";"";"";""
"25752";"10.07.2023";"";"0";"";"0";"Телка";"";"";"";"";"";""
"25753";"11.07.2023";"";"0";"";"0";"Телка";"";"";"";"";"";""
"25754";"11.07.2023";"";"0";"";"0";"Телка";"";"";"";"";"";""
"25755";"11.07.2023";"";"0";"";"0";"Телка";"";"";"";"";"";""
"25756";"11.07.2023";"";"0";"";"0";"Телка";"";"";"";"";"";""
"25757";"11.07.2023";"";"0";"";"0";"Телка";"";"";"";"";"";""
"25758";"11.07.2023";"";"0";"";"0";"Телка";"";"";"";"";"";""
"25759";"12.07.2023";"";"0";"";"0";"Телка";"";"";"";"";"";""
"25762";"13.07.2023";"";"0";"";"0";"Телка";"";"";"";"";"";""
"25763";"13.07.2023";"";"0";"";"0";"Телка";"";"";"";"";"";""
"25764";"14.07.2023";"";"0";"";"0";"Телка";"";"";"";"";"";""
"25766";"17.07.2023";"";"0";"";"0";"Телка";"";"";"";"";"";""
"25767";"17.07.2023";"";"0";"";"0";"Телка";"";"";"";"";"";""
"25769";"17.07.2023";"";"0";"";"0";"Телка";"";"";"";"";"";""
"25771";"18.07.2023";"";"0";"";"0";"Телка";"";"";"";"";"";""
"25772";"19.07.2023";"";"0";"";"0";"Телка";"";"";"";"";"";""
"25773";"19.07.2023";"";"0";"";"0";"Телка";"";"";"";"";"";""
"25774";"19.07.2023";"";"0";"";"0";"Телка";"";"";"";"";"";""
"25775";"19.07.2023";"";"0";"";"0";"Телка";"";"";"";"";"";""
"25776";"19.07.2023";"";"0";"";"0";"Телка";"";"";"";"";"";""
"25777";"20.07.2023";"";"0";"";"0";"Телка";"";"";"";"";"";""
"25778";"21.07.2023";"";"0";"";"0";"Телка";"";"";"";"";"";""
"25779";"21.07.2023";"";"0";"";"0";"Телка";"";"";"";"";"";""
"25780";"21.07.2023";"";"0";"";"0";"Телка";"";"";"";"";"";""
"25781";"21.07.2023";"";"0";"";"0";"Телка";"";"";"";"";"";""
"25782";"21.07.2023";"";"0";"";"0";"Телка";"";"";"";"";"";""
"25783";"22.07.2023";"";"0";"";"0";"Телка";"";"";"";"";"";""
"25784";"22.07.2023";"";"0";"";"0";"Телка";"";"";"";"";"";""
"25785";"22.07.2023";"";"0";"";"0";"Телка";"";"";"";"";"";""
"25786";"23.07.2023";"";"0";"";"0";"Телка";"";"";"";"";"";""
"25790";"26.07.2023";"";"0";"";"0";"Телка";"";"";"";"";"";""
"25792";"28.07.2023";"";"0";"";"0";"Телка";"";"";"";"";"";""
"25793";"28.07.2023";"";"0";"";"0";"Телка";"";"";"";"";"";""
"25795";"29.07.2023";"";"0";"";"0";"Телка";"";"";"";"";"";""
"25796";"30.07.2023";"";"0";"";"0";"Телка";"";"";"";"";"";""
"25797";"30.07.2023";"";"0";"";"0";"Телка";"";"";"";"";"";""
"25798";"01.08.2023";"";"0";"";"0";"Телка";"";"";"";"";"";""
"25799";"31.07.2023";"";"0";"";"0";"Телка";"";"";"";"";"";""
"25800";"01.08.2023";"";"0";"";"0";"Телка";"";"";"";"";"";""
"25801";"02.08.2023";"";"0";"";"0";"Телка";"";"";"";"";"";""
"25806";"03.08.2023";"";"0";"";"0";"Телка";"";"";"";"";"";""
"25807";"03.08.2023";"";"0";"";"0";"Телка";"";"";"";"";"";""
"25808";"07.08.2023";"";"0";"";"0";"Телка";"";"";"";"";"";""
"25810";"04.08.2023";"";"0";"";"0";"Телка";"";"";"";"";"";""
"25811";"04.08.2023";"";"0";"";"0";"Телка";"";"";"";"";"";""
"25812";"04.08.2023";"";"0";"";"0";"Телка";"";"";"";"";"";""
"25813";"04.08.2023";"";"0";"";"0";"Телка";"";"";"";"";"";""
"25814";"07.08.2023";"";"0";"";"0";"Телка";"";"";"";"";"";""
"25815";"08.08.2023";"";"0";"";"0";"Телка";"";"";"";"";"";""
"25820";"10.08.2023";"";"0";"";"0";"Телка";"";"";"";"";"";""
"25821";"10.08.2023";"";"0";"";"0";"Телка";"";"";"";"";"";""
"25823";"12.08.2023";"";"0";"";"0";"Телка";"";"";"";"";"";""
"25824";"13.08.2023";"";"0";"";"0";"Телка";"";"";"";"";"";""
"25825";"13.08.2023";"";"0";"";"0";"Телка";"";"";"";"";"";""
"25826";"13.08.2023";"";"0";"";"0";"Телка";"";"";"";"";"";""
"25827";"13.08.2023";"";"0";"";"0";"Телка";"";"";"";"";"";""
"25828";"13.08.2023";"";"0";"";"0";"Телка";"";"";"";"";"";""
"25829";"13.08.2023";"";"0";"";"0";"Телка";"";"";"";"";"";""
"25830";"14.08.2023";"";"0";"";"0";"Телка";"";"";"";"";"";""
"25831";"14.08.2023";"";"0";"";"0";"Телка";"";"";"";"";"";""
"25832";"15.08.2023";"";"0";"";"0";"Телка";"";"";"";"";"";""
"25833";"15.08.2023";"";"0";"";"0";"Телка";"";"";"";"";"";""
"25835";"16.08.2023";"";"0";"";"0";"Телка";"";"";"";"";"";""
"25836";"16.08.2023";"";"0";"";"0";"Телка";"";"";"";"";"";""
"25837";"16.08.2023";"";"0";"";"0";"Телка";"";"";"";"";"";""
"25838";"17.08.2023";"";"0";"";"0";"Телка";"";"";"";"";"";""
"25839";"17.08.2023";"";"0";"";"0";"Телка";"";"";"";"";"";""
"25840";"18.08.2023";"";"0";"";"0";"Телка";"";"";"";"";"";""
"25841";"18.08.2023";"";"0";"";"0";"Телка";"";"";"";"";"";""
"25842";"19.08.2023";"";"0";"";"0";"Телка";"";"";"";"";"";""
"25843";"19.08.2023";"";"0";"";"0";"Телка";"";"";"";"";"";""
"25844";"20.08.2023";"";"0";"";"0";"Телка";"";"";"";"";"";""
"25846";"20.08.2023";"";"0";"";"0";"Телка";"";"";"";"";"";""
"25847";"20.08.2023";"";"0";"";"0";"Телка";"";"";"";"";"";""
"25849";"22.08.2023";"";"0";"";"0";"Телка";"";"";"";"";"";""
"25850";"23.08.2023";"";"0";"";"0";"Телка";"";"";"";"";"";""
"25855";"24.08.2023";"";"0";"";"0";"Телка";"";"";"";"";"";""
"25856";"24.08.2023";"";"0";"";"0";"Телка";"";"";"";"";"";""
"25859";"26.08.2023";"";"0";"";"0";"Телка";"";"";"";"";"";""
"25860";"26.08.2023";"";"0";"";"0";"Телка";"";"";"";"";"";""
"25861";"26.08.2023";"";"0";"";"0";"Телка";"";"";"";"";"";""
"25862";"26.08.2023";"";"0";"";"0";"Телка";"";"";"";"";"";""
"25863";"26.08.2023";"";"0";"";"0";"Телка";"";"";"";"";"";""
"25864";"26.08.2023";"";"0";"";"0";"Телка";"";"";"";"";"";""
"25866";"27.08.2023";"";"0";"";"0";"Телка";"";"";"";"";"";""
"25867";"28.08.2023";"";"0";"";"0";"Телка";"";"";"";"";"";""
"25869";"29.08.2023";"";"0";"";"0";"Телка";"";"";"";"";"";""
"25870";"31.08.2023";"";"0";"";"0";"Телка";"";"";"";"";"";""
"25871";"01.09.2023";"";"0";"";"0";"Телка";"";"";"";"";"";""
"25873";"02.09.2023";"";"0";"";"0";"Телка";"";"";"";"";"";""
"25874";"02.09.2023";"";"0";"";"0";"Телка";"";"";"";"";"";""
"25875";"02.09.2023";"";"0";"";"0";"Телка";"";"";"";"";"";""
"25877";"02.09.2023";"";"0";"";"0";"Телка";"";"";"";"";"";""
"25878";"03.09.2023";"";"0";"";"0";"Телка";"";"";"";"";"";""
"25879";"03.09.2023";"";"0";"";"0";"Телка";"";"";"";"";"";""
"25880";"04.09.2023";"";"0";"";"0";"Телка";"";"";"";"";"";""
"25882";"04.09.2023";"";"0";"";"0";"Телка";"";"";"";"";"";""
"25883";"05.09.2023";"";"0";"";"0";"Телка";"";"";"";"";"";""
"25884";"06.09.2023";"";"0";"";"0";"Телка";"";"";"";"";"";""
"25885";"06.09.2023";"";"0";"";"0";"Телка";"";"";"";"";"";""
"25886";"06.09.2023";"";"0";"";"0";"Телка";"";"";"";"";"";""
"25887";"08.09.2023";"";"0";"";"0";"Телка";"";"";"";"";"";""
"25888";"08.09.2023";"";"0";"";"0";"Телка";"";"";"";"";"";""
"25889";"09.09.2023";"";"0";"";"0";"Телка";"";"";"";"";"";""
"25890";"11.09.2023";"";"0";"";"0";"Телка";"";"";"";"";"";""
"25891";"11.09.2023";"";"0";"";"0";"Телка";"";"";"";"";"";""
"25892";"11.09.2023";"";"0";"";"0";"Телка";"";"";"";"";"";""
"25893";"12.09.2023";"";"0";"";"0";"Телка";"";"";"";"";"";""
"25894";"12.09.2023";"";"0";"";"0";"Телка";"";"";"";"";"";""
"25895";"12.09.2023";"";"0";"";"0";"Телка";"";"";"";"";"";""
"25897";"13.09.2023";"";"0";"";"0";"Телка";"";"";"";"";"";""
"25898";"13.09.2023";"";"0";"";"0";"Телка";"";"";"";"";"";""
"25899";"14.09.2023";"";"0";"";"0";"Телка";"";"";"";"";"";""
"25900";"14.09.2023";"";"0";"";"0";"Телка";"";"";"";"";"";""
"25901";"14.09.2023";"";"0";"";"0";"Телка";"";"";"";"";"";""
"25902";"15.09.2023";"";"0";"";"0";"Телка";"";"";"";"";"";""
"25903";"16.09.2023";"";"0";"";"0";"Телка";"";"";"";"";"";""
"25904";"17.09.2023";"";"0";"";"0";"Телка";"";"";"";"";"";""
"25905";"17.09.2023";"";"0";"";"0";"Телка";"";"";"";"";"";""
"25906";"17.09.2023";"";"0";"";"0";"Телка";"";"";"";"";"";""
"25907";"17.09.2023";"";"0";"";"0";"Телка";"";"";"";"";"";""
"25908";"17.09.2023";"";"0";"";"0";"Телка";"";"";"";"";"";""
"25909";"18.09.2023";"";"0";"";"0";"Телка";"";"";"";"";"";""
"25910";"18.09.2023";"";"0";"";"0";"Телка";"";"";"";"";"";""
"25911";"18.09.2023";"";"0";"";"0";"Телка";"";"";"";"";"";""
"25912";"19.09.2023";"";"0";"";"0";"Телка";"";"";"";"";"";""
"25914";"20.09.2023";"";"0";"";"0";"Телка";"";"";"";"";"";""
"25915";"20.09.2023";"";"0";"";"0";"Телка";"";"";"";"";"";""
"25916";"21.09.2023";"";"0";"";"0";"Телка";"";"";"";"";"";""
"25918";"22.09.2023";"";"0";"";"0";"Телка";"";"";"";"";"";""
"25919";"22.09.2023";"";"0";"";"0";"Телка";"";"";"";"";"";""
"25920";"22.09.2023";"";"0";"";"0";"Телка";"";"";"";"";"";""
"25921";"22.09.2023";"";"0";"";"0";"Телка";"";"";"";"";"";""
"25922";"23.09.2023";"";"0";"";"0";"Телка";"";"";"";"";"";""
"25923";"23.09.2023";"";"0";"";"0";"Телка";"";"";"";"";"";""
"25925";"24.09.2023";"";"0";"";"0";"Телка";"";"";"";"";"";""
"25926";"24.09.2023";"";"0";"";"0";"Телка";"";"";"";"";"";""
"25928";"25.09.2023";"";"0";"";"0";"Телка";"";"";"";"";"";""
"25929";"26.09.2023";"";"0";"";"0";"Телка";"";"";"";"";"";""
"25930";"26.09.2023";"";"0";"";"0";"Телка";"";"";"";"";"";""
"25932";"27.09.2023";"";"0";"";"0";"Телка";"";"";"";"";"";""
"25933";"28.09.2023";"";"0";"";"0";"Телка";"";"";"";"";"";""
"25934";"29.09.2023";"";"0";"";"0";"Телка";"";"";"";"";"";""
"25936";"30.09.2023";"";"0";"";"0";"Телка";"";"";"";"";"";""
"25937";"30.09.2023";"";"0";"";"0";"Телка";"";"";"";"";"";""
"25938";"01.10.2023";"";"0";"";"0";"Телка";"";"";"";"";"";""
"25939";"01.10.2023";"";"0";"";"0";"Телка";"";"";"";"";"";""
"25940";"01.10.2023";"";"0";"";"0";"Телка";"";"";"";"";"";""
"25941";"02.10.2023";"";"0";"";"0";"Телка";"";"";"";"";"";""
"25942";"02.10.2023";"";"0";"";"0";"Телка";"";"";"";"";"";""
"25943";"02.10.2023";"";"0";"";"0";"Телка";"";"";"";"";"";""
"25944";"02.10.2023";"";"0";"";"0";"Телка";"";"";"";"";"";""
"25945";"02.10.2023";"";"0";"";"0";"Телка";"";"";"";"";"";""
"25946";"02.10.2023";"";"0";"";"0";"Телка";"";"";"";"";"";""
"25947";"04.10.2023";"";"0";"";"0";"Телка";"";"";"";"";"";""
"25948";"04.10.2023";"";"0";"";"0";"Телка";"";"";"";"";"";""
"25949";"04.10.2023";"";"0";"";"0";"Телка";"";"";"";"";"";""
"25950";"04.10.2023";"";"0";"";"0";"Телка";"";"";"";"";"";""
"25951";"04.10.2023";"";"0";"";"0";"Телка";"";"";"";"";"";""
"25952";"05.10.2023";"";"0";"";"0";"Телка";"";"";"";"";"";""
"25953";"06.10.2023";"";"0";"";"0";"Телка";"";"";"";"";"";""
"25955";"07.10.2023";"";"0";"";"0";"Телка";"";"";"";"";"";""
"25956";"07.10.2023";"";"0";"";"0";"Телка";"";"";"";"";"";""
"25957";"10.10.2023";"";"0";"";"0";"Телка";"";"";"";"";"";""
"25958";"08.10.2023";"";"0";"";"0";"Телка";"";"";"";"";"";""
"25959";"08.10.2023";"";"0";"";"0";"Телка";"";"";"";"";"";""
"25960";"09.10.2023";"";"0";"";"0";"Телка";"";"";"";"";"";""
"25961";"09.10.2023";"";"0";"";"0";"Телка";"";"";"";"";"";""
"25962";"09.10.2023";"";"0";"";"0";"Телка";"";"";"";"";"";""
"25963";"10.10.2023";"";"0";"";"0";"Телка";"";"";"";"";"";""
"25964";"10.10.2023";"";"0";"";"0";"Телка";"";"";"";"";"";""
"25965";"10.10.2023";"";"0";"";"0";"Телка";"";"";"";"";"";""
"25966";"12.10.2023";"";"0";"";"0";"Телка";"";"";"";"";"";""
"25967";"12.10.2023";"";"0";"";"0";"Телка";"";"";"";"";"";""
"25968";"13.10.2023";"";"0";"";"0";"Телка";"";"";"";"";"";""
"25969";"13.10.2023";"";"0";"";"0";"Телка";"";"";"";"";"";""
"25971";"14.10.2023";"";"0";"";"0";"Телка";"";"";"";"";"";""
"25972";"15.10.2023";"";"0";"";"0";"Телка";"";"";"";"";"";""
"25973";"14.10.2023";"";"0";"";"0";"Телка";"";"";"";"";"";""
"25974";"15.10.2023";"";"0";"";"0";"Телка";"";"";"";"";"";""
"25975";"15.10.2023";"";"0";"";"0";"Телка";"";"";"";"";"";""
"25976";"15.10.2023";"";"0";"";"0";"Телка";"";"";"";"";"";""
"25977";"15.10.2023";"";"0";"";"0";"Телка";"";"";"";"";"";""
"25978";"16.10.2023";"";"0";"";"0";"Телка";"";"";"";"";"";""
"25979";"16.10.2023";"";"0";"";"0";"Телка";"";"";"";"";"";""
"25981";"17.10.2023";"";"0";"";"0";"Телка";"";"";"";"";"";""
"25982";"18.10.2023";"";"0";"";"0";"Телка";"";"";"";"";"";""
"25983";"18.10.2023";"";"0";"";"0";"Телка";"";"";"";"";"";""
"25984";"19.10.2023";"";"0";"";"0";"Телка";"";"";"";"";"";""
"25985";"19.10.2023";"";"0";"";"0";"Телка";"";"";"";"";"";""
"25986";"20.10.2023";"";"0";"";"0";"Телка";"";"";"";"";"";""
"25987";"20.10.2023";"";"0";"";"0";"Телка";"";"";"";"";"";""
"25988";"21.10.2023";"";"0";"";"0";"Телка";"";"";"";"";"";""
"25989";"21.10.2023";"";"0";"";"0";"Телка";"";"";"";"";"";""
"25990";"21.10.2023";"";"0";"";"0";"Телка";"";"";"";"";"";""
"25991";"22.10.2023";"";"0";"";"0";"Телка";"";"";"";"";"";""
"25992";"22.10.2023";"";"0";"";"0";"Телка";"";"";"";"";"";""
"25993";"22.10.2023";"";"0";"";"0";"Телка";"";"";"";"";"";""
"25994";"23.10.2023";"";"0";"";"0";"Телка";"";"";"";"";"";""
"25995";"24.10.2023";"";"0";"";"0";"Телка";"";"";"";"";"";""
"25997";"24.10.2023";"";"0";"";"0";"Телка";"";"";"";"";"";""
"25998";"24.10.2023";"";"0";"";"0";"Телка";"";"";"";"";"";""
"25999";"24.10.2023";"";"0";"";"0";"Телка";"";"";"";"";"";""
"26000";"26.10.2023";"";"0";"";"0";"Телка";"";"";"";"";"";""
"26001";"26.10.2023";"";"0";"";"0";"Телка";"";"";"";"";"";""
"26002";"27.10.2023";"";"0";"";"0";"Телка";"";"";"";"";"";""
"26003";"27.10.2023";"";"0";"";"0";"Телка";"";"";"";"";"";""
"26004";"28.10.2023";"";"0";"";"0";"Телка";"";"";"";"";"";""
"26005";"28.10.2023";"";"0";"";"0";"Телка";"";"";"";"";"";""
"26006";"29.10.2023";"";"0";"";"0";"Телка";"";"";"";"";"";""
"26007";"29.10.2023";"";"0";"";"0";"Телка";"";"";"";"";"";""
"26008";"30.10.2023";"";"0";"";"0";"Телка";"";"";"";"";"";""
"26009";"30.10.2023";"";"0";"";"0";"Телка";"";"";"";"";"";""
"26010";"01.11.2023";"";"0";"";"0";"Телка";"";"";"";"";"";""
"26011";"01.11.2023";"";"0";"";"0";"Телка";"";"";"";"";"";""
"26012";"02.11.2023";"";"0";"";"0";"Телка";"";"";"";"";"";""
"26013";"02.11.2023";"";"0";"";"0";"Телка";"";"";"";"";"";""
"26014";"02.11.2023";"";"0";"";"0";"Телка";"";"";"";"";"";""
"26016";"02.11.2023";"";"0";"";"0";"Телка";"";"";"";"";"";""
"26019";"03.11.2023";"";"0";"";"0";"Телка";"";"";"";"";"";""
"26020";"03.11.2023";"";"0";"";"0";"Телка";"";"";"";"";"";""
"26022";"04.11.2023";"";"0";"";"0";"Телка";"";"";"";"";"";""
"26023";"04.11.2023";"";"0";"";"0";"Телка";"";"";"";"";"";""
"26024";"05.11.2023";"";"0";"";"0";"Телка";"";"";"";"";"";""
"26025";"05.11.2023";"";"0";"";"0";"Телка";"";"";"";"";"";""
"26026";"05.11.2023";"";"0";"";"0";"Телка";"";"";"";"";"";""
"26027";"07.11.2023";"";"0";"";"0";"Телка";"";"";"";"";"";""
"26030";"08.11.2023";"";"0";"";"0";"Телка";"";"";"";"";"";""
"26031";"08.11.2023";"";"0";"";"0";"Телка";"";"";"";"";"";""
"26032";"09.11.2023";"";"0";"";"0";"Телка";"";"";"";"";"";""
"26033";"09.11.2023";"";"0";"";"0";"Телка";"";"";"";"";"";""
"26034";"09.11.2023";"";"0";"";"0";"Телка";"";"";"";"";"";""
"26035";"09.11.2023";"";"0";"";"0";"Телка";"";"";"";"";"";""
"26036";"09.11.2023";"";"0";"";"0";"Телка";"";"";"";"";"";""
"26037";"10.11.2023";"";"0";"";"0";"Телка";"";"";"";"";"";""
"26038";"10.11.2023";"";"0";"";"0";"Телка";"";"";"";"";"";""
"26039";"11.11.2023";"";"0";"";"0";"Телка";"";"";"";"";"";""
"26041";"12.11.2023";"";"0";"";"0";"Телка";"";"";"";"";"";""
"26042";"12.11.2023";"";"0";"";"0";"Телка";"";"";"";"";"";""
"26043";"12.11.2023";"";"0";"";"0";"Телка";"";"";"";"";"";""
"26044";"14.11.2023";"";"0";"";"0";"Телка";"";"";"";"";"";""
"26045";"14.11.2023";"";"0";"";"0";"Телка";"";"";"";"";"";""
"26046";"14.11.2023";"";"0";"";"0";"Телка";"";"";"";"";"";""
"26047";"15.11.2023";"";"0";"";"0";"Телка";"";"";"";"";"";""
"26048";"15.11.2023";"";"0";"";"0";"Телка";"";"";"";"";"";""
"26049";"15.11.2023";"";"0";"";"0";"Телка";"";"";"";"";"";""
"26050";"16.11.2023";"";"0";"";"0";"Телка";"";"";"";"";"";""
"26051";"16.11.2023";"";"0";"";"0";"Телка";"";"";"";"";"";""
"26052";"17.11.2023";"";"0";"";"0";"Телка";"";"";"";"";"";""
"26054";"17.11.2023";"";"0";"";"0";"Телка";"";"";"";"";"";""
"26055";"18.11.2023";"";"0";"";"0";"Телка";"";"";"";"";"";""
"26056";"18.11.2023";"";"0";"";"0";"Телка";"";"";"";"";"";""
"26059";"18.11.2023";"";"0";"";"0";"Телка";"";"";"";"";"";""
"26060";"19.11.2023";"";"0";"";"0";"Телка";"";"";"";"";"";""
"26061";"19.11.2023";"";"0";"";"0";"Телка";"";"";"";"";"";""
"26066";"21.11.2023";"";"0";"";"0";"Телка";"";"";"";"";"";""
"26068";"21.11.2023";"";"0";"";"0";"Телка";"";"";"";"";"";""
"26070";"22.11.2023";"";"0";"";"0";"Телка";"";"";"";"";"";""
"26073";"24.11.2023";"";"0";"";"0";"Телка";"";"";"";"";"";""
"26076";"25.11.2023";"";"0";"";"0";"Телка";"";"";"";"";"";""
"26078";"26.11.2023";"";"0";"";"0";"Телка";"";"";"";"";"";""
"26080";"29.11.2023";"";"0";"";"0";"Телка";"";"";"";"";"";""
"26081";"29.11.2023";"";"0";"";"0";"Телка";"";"";"";"";"";""
"26082";"30.11.2023";"";"0";"";"0";"Телка";"";"";"";"";"";""
"26083";"30.11.2023";"";"0";"";"0";"Телка";"";"";"";"";"";""
"26084";"30.11.2023";"";"0";"";"0";"Телка";"";"";"";"";"";""
"26085";"30.11.2023";"";"0";"";"0";"Телка";"";"";"";"";"";""
"26087";"02.12.2023";"";"0";"";"0";"Телка";"";"";"";"";"";""
"26088";"02.12.2023";"";"0";"";"0";"Телка";"";"";"";"";"";""
"26089";"02.12.2023";"";"0";"";"0";"Телка";"";"";"";"";"";""
"26091";"02.12.2023";"";"0";"";"0";"Телка";"";"";"";"";"";""
"26092";"03.12.2023";"";"0";"";"0";"Телка";"";"";"";"";"";""
"26094";"03.12.2023";"";"0";"";"0";"Телка";"";"";"";"";"";""
"26096";"03.12.2023";"";"0";"";"0";"Телка";"";"";"";"";"";""
"26097";"03.12.2023";"";"0";"";"0";"Телка";"";"";"";"";"";""
"26098";"03.12.2023";"";"0";"";"0";"Телка";"";"";"";"";"";""
"26102";"05.12.2023";"";"0";"";"0";"Телка";"";"";"";"";"";""
"26103";"06.12.2023";"";"0";"";"0";"Телка";"";"";"";"";"";""
"26104";"06.12.2023";"";"0";"";"0";"Телка";"";"";"";"";"";""
"26105";"07.12.2023";"";"0";"";"0";"Телка";"";"";"";"";"";""
"26106";"08.12.2023";"";"0";"";"0";"Телка";"";"";"";"";"";""
"26108";"09.12.2023";"";"0";"";"0";"Телка";"";"";"";"";"";""
"26111";"10.12.2023";"";"0";"";"0";"Телка";"";"";"";"";"";""
"26112";"10.12.2023";"";"0";"";"0";"Телка";"";"";"";"";"";""
"26114";"11.12.2023";"";"0";"";"0";"Телка";"";"";"";"";"";""
"26115";"11.12.2023";"";"0";"";"0";"Телка";"";"";"";"";"";""
"26116";"12.12.2023";"";"0";"";"0";"Телка";"";"";"";"";"";""
"26117";"12.12.2023";"";"0";"";"0";"Телка";"";"";"";"";"";""
"26118";"12.12.2023";"";"0";"";"0";"Телка";"";"";"";"";"";""
"26119";"12.12.2023";"";"0";"";"0";"Телка";"";"";"";"";"";""
"26120";"13.12.2023";"";"0";"";"0";"Телка";"";"";"";"";"";""
"26121";"13.12.2023";"";"0";"";"0";"Телка";"";"";"";"";"";""
"26122";"14.12.2023";"";"0";"";"0";"Телка";"";"";"";"";"";""
"26123";"15.12.2023";"";"0";"";"0";"Телка";"";"";"";"";"";""
"26124";"15.12.2023";"";"0";"";"0";"Телка";"";"";"";"";"";""
"26125";"15.12.2023";"";"0";"";"0";"Телка";"";"";"";"";"";""
"26126";"15.12.2023";"";"0";"";"0";"Телка";"";"";"";"";"";""
"26127";"16.12.2023";"";"0";"";"0";"Телка";"";"";"";"";"";""
"26129";"17.12.2023";"";"0";"";"0";"Телка";"";"";"";"";"";""
"26130";"17.12.2023";"";"0";"";"0";"Телка";"";"";"";"";"";""
"26131";"18.12.2023";"";"0";"";"0";"Телка";"";"";"";"";"";""
"26133";"18.12.2023";"";"0";"";"0";"Телка";"";"";"";"";"";""
"26134";"19.12.2023";"";"0";"";"0";"Телка";"";"";"";"";"";""
"26135";"19.12.2023";"";"0";"";"0";"Телка";"";"";"";"";"";""
"26136";"19.12.2023";"";"0";"";"0";"Телка";"";"";"";"";"";""
"26137";"20.12.2023";"";"0";"";"0";"Телка";"";"";"";"";"";""
"26139";"21.12.2023";"";"0";"";"0";"Телка";"";"";"";"";"";""
"26140";"21.12.2023";"";"0";"";"0";"Телка";"";"";"";"";"";""
"26141";"21.12.2023";"";"0";"";"0";"Телка";"";"";"";"";"";""
"26142";"22.12.2023";"";"0";"";"0";"Телка";"";"";"";"";"";""
"26143";"22.12.2023";"";"0";"";"0";"Телка";"";"";"";"";"";""
"26145";"24.12.2023";"";"0";"";"0";"Телка";"";"";"";"";"";""
"26146";"26.12.2023";"";"0";"";"0";"Телка";"";"";"";"";"";""
"26147";"26.12.2023";"";"0";"";"0";"Телка";"";"";"";"";"";""
"26148";"26.12.2023";"";"0";"";"0";"Телка";"";"";"";"";"";""
"26149";"26.12.2023";"";"0";"";"0";"Телка";"";"";"";"";"";""
"26150";"26.12.2023";"";"0";"";"0";"Телка";"";"";"";"";"";""
"26151";"27.12.2023";"";"0";"";"0";"Телка";"";"";"";"";"";""
"26152";"28.12.2023";"";"0";"";"0";"Телка";"";"";"";"";"";""
"26153";"28.12.2023";"";"0";"";"0";"Телка";"";"";"";"";"";""
"26154";"28.12.2023";"";"0";"";"0";"Телка";"";"";"";"";"";""
"26155";"29.12.2023";"";"0";"";"0";"Телка";"";"";"";"";"";""
"26156";"30.12.2023";"";"0";"";"0";"Телка";"";"";"";"";"";""
"26157";"30.12.2023";"";"0";"";"0";"Телка";"";"";"";"";"";""
"26158";"30.12.2023";"";"0";"";"0";"Телка";"";"";"";"";"";""
"26159";"30.12.2023";"";"0";"";"0";"Телка";"";"";"";"";"";""
"26160";"30.12.2023";"";"0";"";"0";"Телка";"";"";"";"";"";""
"26161";"30.12.2023";"";"0";"";"0";"Телка";"";"";"";"";"";""
"26162";"31.12.2023";"";"0";"";"0";"Телка";"";"";"";"";"";""
"26163";"31.12.2023";"";"0";"";"0";"Телка";"";"";"";"";"";""
"26164";"31.12.2023";"";"0";"";"0";"Телка";"";"";"";"";"";""
"26165";"01.01.2024";"";"0";"";"0";"Телка";"";"";"";"";"";""
"26166";"02.01.2024";"";"0";"";"0";"Телка";"";"";"";"";"";""
"26167";"02.01.2024";"";"0";"";"0";"Телка";"";"";"";"";"";""
"26168";"02.01.2024";"";"0";"";"0";"Телка";"";"";"";"";"";""
"26170";"04.01.2024";"";"0";"";"0";"Телка";"";"";"";"";"";""
"26171";"04.01.2024";"";"0";"";"0";"Телка";"";"";"";"";"";""
"26172";"04.01.2024";"";"0";"";"0";"Телка";"";"";"";"";"";""
"26173";"05.01.2024";"";"0";"";"0";"Телка";"";"";"";"";"";""
"26174";"05.01.2024";"";"0";"";"0";"Телка";"";"";"";"";"";""
"26175";"05.01.2024";"";"0";"";"0";"Телка";"";"";"";"";"";""
"26176";"06.01.2024";"";"0";"";"0";"Телка";"";"";"";"";"";""
"26177";"08.01.2024";"";"0";"";"0";"Телка";"";"";"";"";"";""
"26178";"09.01.2024";"";"0";"";"0";"Телка";"";"";"";"";"";""
"26179";"10.01.2024";"";"0";"";"0";"Телка";"";"";"";"";"";""
"26180";"10.01.2024";"";"0";"";"0";"Телка";"";"";"";"";"";""
"26181";"11.01.2024";"";"0";"";"0";"Телка";"";"";"";"";"";""
"26183";"11.01.2024";"";"0";"";"0";"Телка";"";"";"";"";"";""
"26184";"13.01.2024";"";"0";"";"0";"Телка";"";"";"";"";"";""
"26185";"14.01.2024";"";"0";"";"0";"Телка";"";"";"";"";"";""
"26186";"14.01.2024";"";"0";"";"0";"Телка";"";"";"";"";"";""
"26187";"14.01.2024";"";"0";"";"0";"Телка";"";"";"";"";"";""
"26188";"14.01.2024";"";"0";"";"0";"Телка";"";"";"";"";"";""
"26190";"16.01.2024";"";"0";"";"0";"Телка";"";"";"";"";"";""
"26191";"17.01.2024";"";"0";"";"0";"Телка";"";"";"";"";"";""
"26192";"17.01.2024";"";"0";"";"0";"Телка";"";"";"";"";"";""
"26193";"17.01.2024";"";"0";"";"0";"Телка";"";"";"";"";"";""
"26194";"18.01.2024";"";"0";"";"0";"Телка";"";"";"";"";"";""
"26196";"20.01.2024";"";"0";"";"0";"Телка";"";"";"";"";"";""
"26198";"21.01.2024";"";"0";"";"0";"Телка";"";"";"";"";"";""
"26199";"23.01.2024";"";"0";"";"0";"Телка";"";"";"";"";"";""
"26200";"23.01.2024";"";"0";"";"0";"Телка";"";"";"";"";"";""
"26201";"24.01.2024";"";"0";"";"0";"Телка";"";"";"";"";"";""
"26202";"24.01.2024";"";"0";"";"0";"Телка";"";"";"";"";"";""
"26203";"25.01.2024";"";"0";"";"0";"Телка";"";"";"";"";"";""
"26204";"27.01.2024";"";"0";"";"0";"Телка";"";"";"";"";"";""
"26206";"28.01.2024";"";"0";"";"0";"Телка";"";"";"";"";"";""
"26207";"28.01.2024";"";"0";"";"0";"Телка";"";"";"";"";"";""
"26208";"28.01.2024";"";"0";"";"0";"Телка";"";"";"";"";"";""
"26209";"28.01.2024";"";"0";"";"0";"Телка";"";"";"";"";"";""
"26210";"28.01.2024";"";"0";"";"0";"Телка";"";"";"";"";"";""
"26211";"29.01.2024";"";"0";"";"0";"Телка";"";"";"";"";"";""
"26212";"29.01.2024";"";"0";"";"0";"Телка";"";"";"";"";"";""
"26213";"30.01.2024";"";"0";"";"0";"Телка";"";"";"";"";"";""
"26215";"31.01.2024";"";"0";"";"0";"Телка";"";"";"";"";"";""
"26216";"31.01.2024";"";"0";"";"0";"Телка";"";"";"";"";"";""
"26217";"31.01.2024";"";"0";"";"0";"Телка";"";"";"";"";"";""
"26218";"01.02.2024";"";"0";"";"0";"Телка";"";"";"";"";"";""
"26219";"01.02.2024";"";"0";"";"0";"Телка";"";"";"";"";"";""
"26220";"01.02.2024";"";"0";"";"0";"Телка";"";"";"";"";"";""
"26240";"31.01.2024";"";"0";"";"0";"Телка";"";"";"";"";"";""
"30000";"01.07.2018";"";"4";"27.09.2023";"127";"Дойная";"";"";"";"";"";""
"30007";"28.07.2018";"";"4";"26.09.2023";"128";"Дойная";"";"";"";"";"";""
"30053";"28.08.2018";"";"4";"09.08.2023";"176";"Осемененная";"23.11.2023";"23.11.2023";"";"";"";""
"30080";"06.09.2018";"";"4";"11.12.2023";"52";"Дойная";"";"";"";"";"";""
"30082";"06.09.2018";"";"4";"24.10.2023";"100";"Дойная";"";"";"";"";"";""
"30093";"12.09.2018";"";"4";"11.10.2023";"113";"Дойная";"";"";"";"";"";""
"30120";"21.09.2018";"";"4";"08.10.2023";"116";"Дойная";"";"";"";"";"";""
"30140";"26.09.2018";"";"4";"13.09.2023";"141";"Дойная";"";"";"";"";"";""
"30143";"27.09.2018";"";"4";"09.10.2023";"115";"Дойная";"";"";"";"";"";""
"30158";"04.10.2018";"";"4";"19.09.2023";"135";"Дойная";"";"";"";"";"";""
"30208";"23.10.2018";"";"4";"11.08.2023";"174";"Дойная";"";"";"";"";"";""
"30241";"02.11.2018";"";"4";"16.10.2023";"108";"Осемененная";"01.02.2024";"01.02.2024";"";"";"";""
"30255";"07.11.2018";"";"4";"02.09.2023";"152";"Осемененная";"25.01.2024";"25.01.2024";"";"";"";""
"30274";"14.11.2018";"";"4";"26.11.2023";"67";"Дойная";"";"";"";"";"";""
"30325";"28.11.2018";"";"4";"27.07.2023";"189";"Дойная";"";"";"";"";"";""
"30348";"14.12.2018";"";"4";"16.01.2024";"16";"Дойная";"";"";"";"";"";""
"30374";"07.08.2019";"";"3";"26.11.2023";"67";"Дойная";"";"";"";"";"";""
"30376";"08.08.2019";"";"3";"18.10.2023";"106";"Дойная";"";"";"";"";"";""
"30385";"20.08.2019";"";"3";"29.11.2023";"64";"Дойная";"";"";"";"";"";""
"30398";"26.08.2019";"";"3";"01.01.2024";"31";"Дойная";"";"";"";"";"";""
"30399";"26.08.2019";"";"3";"23.10.2023";"101";"Осемененная";"04.01.2024";"04.01.2024";"";"";"";""
"30420";"08.09.2019";"";"3";"28.07.2023";"188";"Дойная";"";"";"";"";"";""
"30425";"12.09.2019";"";"3";"01.09.2023";"153";"Дойная";"";"";"";"";"";""
"30429";"13.09.2019";"";"3";"11.09.2023";"143";"Дойная";"";"";"";"";"";""
"30432";"16.09.2019";"";"3";"17.05.2023";"260";"Дойная";"18.01.2024";"";"";"";"";""
"30436";"18.09.2019";"";"3";"19.08.2023";"166";"Дойная";"";"";"";"";"";""
"30443";"21.09.2019";"";"3";"26.08.2023";"159";"Дойная";"";"";"";"";"";""
"30467";"04.10.2019";"";"3";"11.01.2024";"21";"Дойная";"";"";"";"";"";""
"30477";"10.10.2019";"";"3";"10.07.2023";"206";"Дойная";"07.12.2023";"";"";"";"";""
"30478";"11.10.2019";"";"3";"22.10.2023";"102";"Дойная";"04.01.2024";"";"";"";"";""
"30480";"11.10.2019";"";"3";"18.12.2023";"45";"Дойная";"";"";"";"";"";""
"30499";"20.10.2019";"";"3";"11.01.2024";"21";"Дойная";"";"";"";"";"";""
"30546";"18.11.2019";"";"2";"28.04.2023";"279";"Дойная";"06.07.2023";"";"";"";"";""
"30565";"07.12.2019";"";"3";"28.01.2024";"4";"Дойная";"";"";"";"";"";""
"30646";"17.07.2020";"";"2";"02.01.2024";"30";"Дойная";"";"";"";"";"";""
"30692";"14.08.2020";"";"2";"02.12.2023";"61";"Дойная";"";"";"";"";"";""
"30700";"18.08.2020";"";"2";"10.10.2023";"114";"Дойная";"25.01.2024";"";"";"";"";""
"30706";"22.08.2020";"";"2";"08.09.2023";"146";"Дойная";"";"";"";"";"";""
"30707";"22.08.2020";"";"2";"21.10.2023";"103";"Дойная";"";"";"";"";"";""
"30734";"06.09.2020";"";"2";"06.11.2023";"87";"Дойная";"";"";"";"";"";""
"30736";"07.09.2020";"";"2";"27.10.2023";"97";"Дойная";"";"";"";"";"";""
"30744";"08.09.2020";"";"2";"15.11.2023";"78";"Дойная";"";"";"";"";"";""
"30745";"09.09.2020";"";"2";"28.09.2023";"126";"Дойная";"";"";"";"";"";""
"30840";"22.10.2020";"";"2";"23.09.2023";"131";"Дойная";"";"";"";"";"";""
"30861";"03.11.2020";"";"2";"11.12.2023";"52";"Дойная";"";"";"";"";"";""
"30866";"05.11.2020";"";"2";"11.12.2023";"52";"Дойная";"";"";"";"";"";""
"30874";"08.11.2020";"";"2";"10.09.2023";"144";"Дойная";"";"";"";"";"";""
"30886";"12.11.2020";"";"2";"28.10.2023";"96";"Дойная";"";"";"";"";"";""
"30928";"21.12.2020";"";"2";"31.10.2023";"93";"Дойная";"11.01.2024";"";"";"";"";""
"30931";"25.12.2020";"";"2";"01.11.2023";"92";"Дойная";"";"";"";"";"";""
"30932";"27.12.2020";"";"2";"27.01.2024";"5";"Дойная";"";"";"";"";"";""
"30965";"01.02.2021";"";"2";"01.01.2024";"31";"Дойная";"";"";"";"";"";""
"30976";"09.02.2021";"";"2";"27.11.2023";"66";"Дойная";"";"";"";"";"";""
"31002";"29.03.2021";"";"2";"24.12.2023";"39";"Дойная";"";"";"";"";"";""
"31008";"06.04.2021";"";"1";"25.04.2023";"282";"Дойная";"";"";"";"";"";""
"31073";"19.07.2021";"";"1";"23.04.2023";"284";"Дойная";"";"";"";"";"";""
"31077";"21.07.2021";"";"1";"22.06.2023";"224";"Осемененная";"09.11.2023";"09.11.2023";"";"";"";""
"31099";"03.08.2021";"";"1";"13.10.2023";"111";"Дойная";"";"";"";"";"";""
"31113";"11.08.2021";"";"1";"14.04.2023";"293";"Дойная";"08.01.2024";"";"";"";"";""
"31123";"21.08.2021";"";"1";"05.05.2023";"272";"Дойная";"";"";"";"";"";""
"31151";"04.09.2021";"";"1";"23.06.2023";"223";"Осемененная";"31.08.2023";"31.08.2023";"";"";"";""
"31174";"17.09.2021";"";"1";"21.08.2023";"164";"Дойная";"";"";"";"";"";""
"31224";"10.10.2021";"";"1";"15.09.2023";"139";"Дойная";"";"";"";"";"";""
"31256";"30.10.2021";"";"1";"08.11.2023";"85";"Дойная";"";"";"";"";"";""
"31286";"13.11.2021";"";"1";"01.10.2023";"123";"Дойная";"";"";"";"";"";""
"31293";"16.11.2021";"";"1";"17.09.2023";"137";"Дойная";"";"";"";"";"";""
"31294";"17.11.2021";"";"1";"26.08.2023";"159";"Дойная";"";"";"";"";"";""
"31326";"20.12.2021";"";"1";"17.01.2024";"15";"Дойная";"";"";"";"";"";""
"31358";"26.01.2022";"";"1";"10.11.2023";"83";"Дойная";"";"";"";"";"";""
"31399";"19.03.2022";"";"1";"29.11.2023";"64";"Дойная";"";"";"";"";"";""
"31408";"08.04.2022";"";"1";"29.01.2024";"3";"Дойная";"";"";"";"";"";""
"31447";"13.06.2022";"";"0";"";"0";"Стельная";"25.09.2023";"25.09.2023";"";"";"";""
"31475";"16.07.2022";"";"0";"";"0";"Стельная";"28.10.2023";"28.10.2023";"";"";"";""
"31511";"11.08.2022";"";"0";"";"0";"Телка";"30.10.2023";"";"";"";"";""
"31550";"31.08.2022";"";"0";"";"0";"Стельная";"15.11.2023";"15.11.2023";"";"";"";""
"31556";"05.09.2022";"";"0";"";"0";"Стельная";"26.10.2023";"26.10.2023";"";"";"";""
"31570";"12.09.2022";"";"0";"";"0";"Телка";"07.01.2024";"";"";"";"";""
"31571";"14.09.2022";"";"0";"";"0";"Стельная";"30.10.2023";"30.10.2023";"";"";"";""
"31573";"16.09.2022";"";"0";"";"0";"Стельная";"09.12.2023";"09.12.2023";"";"";"";""
"31576";"19.09.2022";"";"0";"";"0";"Стельная";"28.10.2023";"28.10.2023";"";"";"";""
"31579";"22.09.2022";"";"0";"";"0";"Стельная";"22.11.2023";"22.11.2023";"";"";"";""
"31586";"25.09.2022";"";"0";"";"0";"Стельная";"14.10.2023";"14.10.2023";"";"";"";""
"31589";"26.09.2022";"";"0";"";"0";"Стельная";"30.10.2023";"30.10.2023";"";"";"";""
"31594";"27.09.2022";"";"0";"";"0";"Стельная";"18.10.2023";"18.10.2023";"";"";"";""
"31596";"28.09.2022";"";"0";"";"0";"Стельная";"06.10.2023";"06.10.2023";"";"";"";""
"31598";"29.09.2022";"";"0";"";"0";"Стельная";"22.11.2023";"22.11.2023";"";"";"";""
"31600";"01.10.2022";"";"0";"";"0";"Стельная";"18.10.2023";"18.10.2023";"";"";"";""
"31601";"01.10.2022";"";"0";"";"0";"Стельная";"06.10.2023";"06.10.2023";"";"";"";""
"31602";"02.10.2022";"";"0";"";"0";"Стельная";"04.10.2023";"04.10.2023";"";"";"";""
"31604";"02.10.2022";"";"0";"";"0";"Стельная";"15.11.2023";"15.11.2023";"";"";"";""
"31607";"04.10.2022";"";"0";"";"0";"Стельная";"06.10.2023";"06.10.2023";"";"";"";""
"31611";"06.10.2022";"";"0";"";"0";"Стельная";"03.10.2023";"03.10.2023";"";"";"";""
"31612";"06.10.2022";"";"0";"";"0";"Стельная";"02.12.2023";"02.12.2023";"";"";"";""
"31613";"06.10.2022";"";"0";"";"0";"Стельная";"06.12.2023";"06.12.2023";"";"";"";""
"31614";"07.10.2022";"";"0";"";"0";"Телка";"";"";"";"";"";""
"31615";"07.10.2022";"";"0";"";"0";"Стельная";"02.10.2023";"02.10.2023";"";"";"";""
"31617";"08.10.2022";"";"0";"";"0";"Стельная";"21.11.2023";"21.11.2023";"";"";"";""
"31619";"09.10.2022";"";"0";"";"0";"Стельная";"18.10.2023";"18.10.2023";"";"";"";""
"31620";"09.10.2022";"";"0";"";"0";"Стельная";"20.12.2023";"20.12.2023";"";"";"";""
"31621";"09.10.2022";"";"0";"";"0";"Стельная";"30.10.2023";"30.10.2023";"";"";"";""
"31626";"11.10.2022";"";"0";"";"0";"Стельная";"13.10.2023";"13.10.2023";"";"";"";""
"31628";"13.10.2022";"";"0";"";"0";"Стельная";"07.12.2023";"07.12.2023";"";"";"";""
"31629";"13.10.2022";"";"0";"";"0";"Стельная";"09.11.2023";"09.11.2023";"";"";"";""
"31630";"14.10.2022";"";"0";"";"0";"Стельная";"10.12.2023";"10.12.2023";"";"";"";""
"31632";"17.10.2022";"";"0";"";"0";"Стельная";"20.12.2023";"20.12.2023";"";"";"";""
"31633";"17.10.2022";"";"0";"";"0";"Стельная";"23.12.2023";"23.12.2023";"";"";"";""
"31634";"18.10.2022";"";"0";"";"0";"Телка";"";"";"";"";"";""
"31635";"19.10.2022";"";"0";"";"0";"Стельная";"30.11.2023";"30.11.2023";"";"";"";""
"31636";"19.10.2022";"";"0";"";"0";"Телка";"";"";"";"";"";""
"31637";"19.10.2022";"";"0";"";"0";"Стельная";"03.11.2023";"03.11.2023";"";"";"";""
"31638";"20.10.2022";"";"0";"";"0";"Стельная";"17.11.2023";"17.11.2023";"";"";"";""
"31642";"21.10.2022";"";"0";"";"0";"Телка";"18.11.2023";"";"";"";"";""
"31648";"25.10.2022";"";"0";"";"0";"Стельная";"27.10.2023";"27.10.2023";"";"";"";""
"31652";"28.10.2022";"";"0";"";"0";"Стельная";"30.10.2023";"30.10.2023";"";"";"";""
"31653";"28.10.2022";"";"0";"";"0";"Стельная";"02.11.2023";"02.11.2023";"";"";"";""
"31668";"12.11.2022";"";"0";"";"0";"Стельная";"24.11.2023";"24.11.2023";"";"";"";""
"31669";"12.11.2022";"";"0";"";"0";"Стельная";"17.12.2023";"17.12.2023";"";"";"";""
"31671";"12.11.2022";"";"0";"";"0";"Стельная";"24.11.2023";"24.11.2023";"";"";"";""
"31672";"12.11.2022";"";"0";"";"0";"Стельная";"21.11.2023";"21.11.2023";"";"";"";""
"31673";"13.11.2022";"";"0";"";"0";"Стельная";"29.11.2023";"29.11.2023";"";"";"";""
"31678";"16.11.2022";"";"0";"";"0";"Стельная";"05.12.2023";"05.12.2023";"";"";"";""
"31679";"17.11.2022";"";"0";"";"0";"Стельная";"24.11.2023";"24.11.2023";"";"";"";""
"31687";"24.11.2022";"";"0";"";"0";"Стельная";"22.11.2023";"22.11.2023";"";"";"";""
"31689";"26.11.2022";"";"0";"";"0";"Стельная";"22.11.2023";"22.11.2023";"";"";"";""
"31696";"03.12.2022";"";"0";"";"0";"Стельная";"18.12.2023";"18.12.2023";"";"";"";""
"31710";"13.12.2022";"";"0";"";"0";"Телка";"08.01.2024";"";"";"";"";""
"31715";"22.12.2022";"";"0";"";"0";"Телка";"";"";"";"";"";""
"31718";"23.12.2022";"";"0";"";"0";"Телка";"";"";"";"";"";""
"31729";"30.12.2022";"";"0";"";"0";"Телка";"";"";"";"";"";""
"31732";"01.01.2023";"";"0";"";"0";"Телка";"";"";"";"";"";""
"31737";"04.01.2023";"";"0";"";"0";"Телка";"";"";"";"";"";""
"31739";"07.01.2023";"";"0";"";"0";"Телка";"";"";"";"";"";""
"31740";"09.01.2023";"";"0";"";"0";"Телка";"";"";"";"";"";""
"31741";"09.01.2023";"";"0";"";"0";"Телка";"";"";"";"";"";""
"31744";"11.01.2023";"";"0";"";"0";"Телка";"";"";"";"";"";""
"31746";"11.01.2023";"";"0";"";"0";"Телка";"";"";"";"";"";""
"31749";"14.01.2023";"";"0";"";"0";"Телка";"";"";"";"";"";""
"31750";"14.01.2023";"";"0";"";"0";"Телка";"";"";"";"";"";""
"31753";"18.01.2023";"";"0";"";"0";"Телка";"";"";"";"";"";""
"31757";"22.01.2023";"";"0";"";"0";"Телка";"";"";"";"";"";""
"31767";"31.01.2023";"";"0";"";"0";"Телка";"";"";"";"";"";""
"31770";"04.02.2023";"";"0";"";"0";"Телка";"";"";"";"";"";""
"31780";"11.02.2023";"";"0";"";"0";"Телка";"";"";"";"";"";""
"31787";"14.02.2023";"";"0";"";"0";"Телка";"";"";"";"";"";""
"31792";"18.02.2023";"";"0";"";"0";"Телка";"";"";"";"";"";""
"31793";"18.02.2023";"";"0";"";"0";"Телка";"";"";"";"";"";""
"31795";"20.02.2023";"";"0";"";"0";"Телка";"";"";"";"";"";""
"31803";"27.02.2023";"";"0";"";"0";"Телка";"";"";"";"";"";""
"31804";"28.02.2023";"";"0";"";"0";"Телка";"";"";"";"";"";""
"31808";"06.03.2023";"";"0";"";"0";"Телка";"";"";"";"";"";""
"31811";"09.03.2023";"";"0";"";"0";"Телка";"";"";"";"";"";""
"31812";"10.03.2023";"";"0";"";"0";"Телка";"";"";"";"";"";""
"31816";"14.03.2023";"";"0";"";"0";"Телка";"";"";"";"";"";""
"31822";"21.03.2023";"";"0";"";"0";"Телка";"";"";"";"";"";""
"31826";"27.03.2023";"";"0";"";"0";"Телка";"";"";"";"";"";""
"31828";"27.03.2023";"";"0";"";"0";"Телка";"";"";"";"";"";""
"31834";"05.04.2023";"";"0";"";"0";"Телка";"";"";"";"";"";""
"31837";"09.04.2023";"";"0";"";"0";"Телка";"";"";"";"";"";""
"31838";"10.04.2023";"";"0";"";"0";"Телка";"";"";"";"";"";""
"31839";"11.04.2023";"";"0";"";"0";"Телка";"";"";"";"";"";""
"31842";"14.04.2023";"";"0";"";"0";"Телка";"";"";"";"";"";""
"31843";"14.04.2023";"";"0";"";"0";"Телка";"";"";"";"";"";""
"31844";"14.04.2023";"";"0";"";"0";"Телка";"";"";"";"";"";""
"31845";"15.04.2023";"";"0";"";"0";"Телка";"";"";"";"";"";""
"31846";"15.04.2023";"";"0";"";"0";"Телка";"";"";"";"";"";""
"31847";"16.04.2023";"";"0";"";"0";"Телка";"";"";"";"";"";""
"31849";"19.04.2023";"";"0";"";"0";"Телка";"";"";"";"";"";""
"31850";"19.04.2023";"";"0";"";"0";"Телка";"";"";"";"";"";""
"31852";"20.04.2023";"";"0";"";"0";"Телка";"";"";"";"";"";""
"31853";"20.04.2023";"";"0";"";"0";"Телка";"";"";"";"";"";""
"31859";"28.04.2023";"";"0";"";"0";"Телка";"";"";"";"";"";""
"31861";"30.04.2023";"";"0";"";"0";"Телка";"";"";"";"";"";""
"31863";"01.05.2023";"";"0";"";"0";"Телка";"";"";"";"";"";""
"31864";"03.05.2023";"";"0";"";"0";"Телка";"";"";"";"";"";""
"31865";"04.05.2023";"";"0";"";"0";"Телка";"";"";"";"";"";""
"31866";"04.05.2023";"";"0";"";"0";"Телка";"";"";"";"";"";""
"31867";"04.05.2023";"";"0";"";"0";"Телка";"";"";"";"";"";""
"31868";"05.05.2023";"";"0";"";"0";"Телка";"";"";"";"";"";""
"31869";"05.05.2023";"";"0";"";"0";"Телка";"";"";"";"";"";""
"31870";"07.05.2023";"";"0";"";"0";"Телка";"";"";"";"";"";""
"31871";"08.05.2023";"";"0";"";"0";"Телка";"";"";"";"";"";""
"31872";"08.05.2023";"";"0";"";"0";"Телка";"";"";"";"";"";""
"31873";"09.05.2023";"";"0";"";"0";"Телка";"";"";"";"";"";""
"31874";"09.05.2023";"";"0";"";"0";"Телка";"";"";"";"";"";""
"31876";"11.05.2023";"";"0";"";"0";"Телка";"";"";"";"";"";""
"31877";"16.05.2023";"";"0";"";"0";"Телка";"";"";"";"";"";""
"31878";"18.05.2023";"";"0";"";"0";"Телка";"";"";"";"";"";""
"31880";"22.05.2023";"";"0";"";"0";"Телка";"";"";"";"";"";""
"31882";"29.05.2023";"";"0";"";"0";"Телка";"";"";"";"";"";""
"31883";"31.05.2023";"";"0";"";"0";"Телка";"";"";"";"";"";""
"31884";"02.06.2023";"";"0";"";"0";"Телка";"";"";"";"";"";""
"31885";"04.06.2023";"";"0";"";"0";"Телка";"";"";"";"";"";""
"31887";"05.06.2023";"";"0";"";"0";"Телка";"";"";"";"";"";""
"31888";"07.06.2023";"";"0";"";"0";"Телка";"";"";"";"";"";""
"31889";"09.06.2023";"";"0";"";"0";"Телка";"";"";"";"";"";""
"31890";"10.06.2023";"";"0";"";"0";"Телка";"";"";"";"";"";""
"31891";"12.06.2023";"";"0";"";"0";"Телка";"";"";"";"";"";""
"31892";"12.06.2023";"";"0";"";"0";"Телка";"";"";"";"";"";""
"31893";"13.06.2023";"";"0";"";"0";"Телка";"";"";"";"";"";""
"31894";"14.06.2023";"";"0";"";"0";"Телка";"";"";"";"";"";""
"31895";"15.06.2023";"";"0";"";"0";"Телка";"";"";"";"";"";""
"31897";"22.06.2023";"";"0";"";"0";"Телка";"";"";"";"";"";""
"31898";"22.06.2023";"";"0";"";"0";"Телка";"";"";"";"";"";""
"31899";"23.06.2023";"";"0";"";"0";"Телка";"";"";"";"";"";""
"31900";"23.06.2023";"";"0";"";"0";"Телка";"";"";"";"";"";""
"31901";"23.06.2023";"";"0";"";"0";"Телка";"";"";"";"";"";""
"31902";"23.06.2023";"";"0";"";"0";"Телка";"";"";"";"";"";""
"31903";"24.06.2023";"";"0";"";"0";"Телка";"";"";"";"";"";""
"31904";"24.06.2023";"";"0";"";"0";"Телка";"";"";"";"";"";""
"31905";"24.06.2023";"";"0";"";"0";"Телка";"";"";"";"";"";""
"31906";"25.06.2023";"";"0";"";"0";"Телка";"";"";"";"";"";""
"31907";"26.06.2023";"";"0";"";"0";"Телка";"";"";"";"";"";""
"31908";"26.06.2023";"";"0";"";"0";"Телка";"";"";"";"";"";""
"31909";"27.06.2023";"";"0";"";"0";"Телка";"";"";"";"";"";""
"31910";"27.06.2023";"";"0";"";"0";"Телка";"";"";"";"";"";""
"31911";"27.06.2023";"";"0";"";"0";"Телка";"";"";"";"";"";""
"31912";"27.06.2023";"";"0";"";"0";"Телка";"";"";"";"";"";""
"31915";"29.06.2023";"";"0";"";"0";"Телка";"";"";"";"";"";""
"31916";"29.06.2023";"";"0";"";"0";"Телка";"";"";"";"";"";""
"31917";"29.06.2023";"";"0";"";"0";"Телка";"";"";"";"";"";""
"31918";"30.06.2023";"";"0";"";"0";"Телка";"";"";"";"";"";""
"31919";"30.06.2023";"";"0";"";"0";"Телка";"";"";"";"";"";""
"31921";"01.07.2023";"";"0";"";"0";"Телка";"";"";"";"";"";""
"31923";"01.07.2023";"";"0";"";"0";"Телка";"";"";"";"";"";""
"31924";"01.07.2023";"";"0";"";"0";"Телка";"";"";"";"";"";""
"31926";"04.07.2023";"";"0";"";"0";"Телка";"";"";"";"";"";""
"31929";"06.07.2023";"";"0";"";"0";"Телка";"";"";"";"";"";""
"31930";"06.07.2023";"";"0";"";"0";"Телка";"";"";"";"";"";""
"31931";"07.07.2023";"";"0";"";"0";"Телка";"";"";"";"";"";""
"31933";"10.07.2023";"";"0";"";"0";"Телка";"";"";"";"";"";""
"31934";"11.07.2023";"";"0";"";"0";"Телка";"";"";"";"";"";""
"31935";"12.07.2023";"";"0";"";"0";"Телка";"";"";"";"";"";""
"31936";"12.07.2023";"";"0";"";"0";"Телка";"";"";"";"";"";""
"31937";"12.07.2023";"";"0";"";"0";"Телка";"";"";"";"";"";""
"31938";"12.07.2023";"";"0";"";"0";"Телка";"";"";"";"";"";""
"31939";"13.07.2023";"";"0";"";"0";"Телка";"";"";"";"";"";""
"31940";"13.07.2023";"";"0";"";"0";"Телка";"";"";"";"";"";""
"31941";"14.07.2023";"";"0";"";"0";"Телка";"";"";"";"";"";""
"31942";"15.07.2023";"";"0";"";"0";"Телка";"";"";"";"";"";""
"31943";"16.07.2023";"";"0";"";"0";"Телка";"";"";"";"";"";""
"31944";"16.07.2023";"";"0";"";"0";"Телка";"";"";"";"";"";""
"31947";"16.07.2023";"";"0";"";"0";"Телка";"";"";"";"";"";""
"31948";"16.07.2023";"";"0";"";"0";"Телка";"";"";"";"";"";""
"31950";"17.07.2023";"";"0";"";"0";"Телка";"";"";"";"";"";""
"31951";"20.07.2023";"";"0";"";"0";"Телка";"";"";"";"";"";""
"31953";"20.07.2023";"";"0";"";"0";"Телка";"";"";"";"";"";""
"31954";"23.07.2023";"";"0";"";"0";"Телка";"";"";"";"";"";""
"31955";"24.07.2023";"";"0";"";"0";"Телка";"";"";"";"";"";""
"31957";"26.07.2023";"";"0";"";"0";"Телка";"";"";"";"";"";""
"31958";"27.07.2023";"";"0";"";"0";"Телка";"";"";"";"";"";""
"31959";"27.07.2023";"";"0";"";"0";"Телка";"";"";"";"";"";""
"31960";"27.07.2023";"";"0";"";"0";"Телка";"";"";"";"";"";""
"31961";"29.07.2023";"";"0";"";"0";"Телка";"";"";"";"";"";""
"31962";"29.07.2023";"";"0";"";"0";"Телка";"";"";"";"";"";""
"31964";"31.07.2023";"";"0";"";"0";"Телка";"";"";"";"";"";""
"31965";"01.08.2023";"";"0";"";"0";"Телка";"";"";"";"";"";""
"31967";"02.08.2023";"";"0";"";"0";"Телка";"";"";"";"";"";""
"31968";"04.08.2023";"";"0";"";"0";"Телка";"";"";"";"";"";""
"31969";"05.08.2023";"";"0";"";"0";"Телка";"";"";"";"";"";""
"31970";"08.08.2023";"";"0";"";"0";"Телка";"";"";"";"";"";""
"31972";"10.08.2023";"";"0";"";"0";"Телка";"";"";"";"";"";""
"31973";"12.08.2023";"";"0";"";"0";"Телка";"";"";"";"";"";""
"31974";"13.08.2023";"";"0";"";"0";"Телка";"";"";"";"";"";""
"31975";"15.08.2023";"";"0";"";"0";"Телка";"";"";"";"";"";""
"31976";"15.08.2023";"";"0";"";"0";"Телка";"";"";"";"";"";""
"31977";"16.08.2023";"";"0";"";"0";"Телка";"";"";"";"";"";""
"31978";"17.08.2023";"";"0";"";"0";"Телка";"";"";"";"";"";""
"31979";"17.08.2023";"";"0";"";"0";"Телка";"";"";"";"";"";""
"31981";"18.08.2023";"";"0";"";"0";"Телка";"";"";"";"";"";""
"31982";"18.08.2023";"";"0";"";"0";"Телка";"";"";"";"";"";""
"31983";"18.08.2023";"";"0";"";"0";"Телка";"";"";"";"";"";""
"31984";"19.08.2023";"";"0";"";"0";"Телка";"";"";"";"";"";""
"31985";"20.08.2023";"";"0";"";"0";"Телка";"";"";"";"";"";""
"31986";"21.08.2023";"";"0";"";"0";"Телка";"";"";"";"";"";""
"31987";"21.08.2023";"";"0";"";"0";"Телка";"";"";"";"";"";""
"31988";"22.08.2023";"";"0";"";"0";"Телка";"";"";"";"";"";""
"31989";"22.08.2023";"";"0";"";"0";"Телка";"";"";"";"";"";""
"31990";"22.08.2023";"";"0";"";"0";"Телка";"";"";"";"";"";""
"31991";"23.08.2023";"";"0";"";"0";"Телка";"";"";"";"";"";""
"31993";"24.08.2023";"";"0";"";"0";"Телка";"";"";"";"";"";""
"31994";"24.08.2023";"";"0";"";"0";"Телка";"";"";"";"";"";""
"31996";"26.08.2023";"";"0";"";"0";"Телка";"";"";"";"";"";""
"31997";"27.08.2023";"";"0";"";"0";"Телка";"";"";"";"";"";""
"31998";"27.08.2023";"";"0";"";"0";"Телка";"";"";"";"";"";""
"32000";"28.08.2023";"";"0";"";"0";"Телка";"";"";"";"";"";""
"32003";"02.09.2023";"";"0";"";"0";"Телка";"";"";"";"";"";""
"32004";"02.09.2023";"";"0";"";"0";"Телка";"";"";"";"";"";""
"32005";"02.09.2023";"";"0";"";"0";"Телка";"";"";"";"";"";""
"32007";"05.09.2023";"";"0";"";"0";"Телка";"";"";"";"";"";""
"32008";"05.09.2023";"";"0";"";"0";"Телка";"";"";"";"";"";""
"32009";"06.09.2023";"";"0";"";"0";"Телка";"";"";"";"";"";""
"32010";"07.09.2023";"";"0";"";"0";"Телка";"";"";"";"";"";""
"32011";"07.09.2023";"";"0";"";"0";"Телка";"";"";"";"";"";""
"32013";"11.09.2023";"";"0";"";"0";"Телка";"";"";"";"";"";""
"32014";"11.09.2023";"";"0";"";"0";"Телка";"";"";"";"";"";""
"32015";"11.09.2023";"";"0";"";"0";"Телка";"";"";"";"";"";""
"32016";"09.09.2023";"";"0";"";"0";"Телка";"";"";"";"";"";""
"32017";"09.09.2023";"";"0";"";"0";"Телка";"";"";"";"";"";""
"32018";"11.09.2023";"";"0";"";"0";"Телка";"";"";"";"";"";""
"32019";"13.09.2023";"";"0";"";"0";"Телка";"";"";"";"";"";""
"32020";"13.09.2023";"";"0";"";"0";"Телка";"";"";"";"";"";""
"32021";"14.09.2023";"";"0";"";"0";"Телка";"";"";"";"";"";""
"32022";"14.09.2023";"";"0";"";"0";"Телка";"";"";"";"";"";""
"32023";"14.09.2023";"";"0";"";"0";"Телка";"";"";"";"";"";""
"32024";"14.09.2023";"";"0";"";"0";"Телка";"";"";"";"";"";""
"32025";"15.09.2023";"";"0";"";"0";"Телка";"";"";"";"";"";""
"32026";"15.09.2023";"";"0";"";"0";"Телка";"";"";"";"";"";""
"32027";"15.09.2023";"";"0";"";"0";"Телка";"";"";"";"";"";""
"32028";"16.09.2023";"";"0";"";"0";"Телка";"";"";"";"";"";""
"32030";"17.09.2023";"";"0";"";"0";"Телка";"";"";"";"";"";""
"32032";"18.09.2023";"";"0";"";"0";"Телка";"";"";"";"";"";""
"32033";"18.09.2023";"";"0";"";"0";"Телка";"";"";"";"";"";""
"32034";"19.09.2023";"";"0";"";"0";"Телка";"";"";"";"";"";""
"32035";"19.09.2023";"";"0";"";"0";"Телка";"";"";"";"";"";""
"32036";"19.09.2023";"";"0";"";"0";"Телка";"";"";"";"";"";""
"32037";"21.09.2023";"";"0";"";"0";"Телка";"";"";"";"";"";""
"32038";"21.09.2023";"";"0";"";"0";"Телка";"";"";"";"";"";""
"32039";"23.09.2023";"";"0";"";"0";"Телка";"";"";"";"";"";""
"32041";"23.09.2023";"";"0";"";"0";"Телка";"";"";"";"";"";""
"32042";"24.09.2023";"";"0";"";"0";"Телка";"";"";"";"";"";""
"32043";"24.09.2023";"";"0";"";"0";"Телка";"";"";"";"";"";""
"32044";"24.09.2023";"";"0";"";"0";"Телка";"";"";"";"";"";""
"32045";"24.09.2023";"";"0";"";"0";"Телка";"";"";"";"";"";""
"32046";"25.09.2023";"";"0";"";"0";"Телка";"";"";"";"";"";""
"32047";"26.09.2023";"";"0";"";"0";"Телка";"";"";"";"";"";""
"32048";"26.09.2023";"";"0";"";"0";"Телка";"";"";"";"";"";""
"32049";"26.09.2023";"";"0";"";"0";"Телка";"";"";"";"";"";""
"32050";"26.09.2023";"";"0";"";"0";"Телка";"";"";"";"";"";""
"32051";"26.09.2023";"";"0";"";"0";"Телка";"";"";"";"";"";""
"32052";"28.09.2023";"";"0";"";"0";"Телка";"";"";"";"";"";""
"32053";"28.09.2023";"";"0";"";"0";"Телка";"";"";"";"";"";""
"32054";"28.09.2023";"";"0";"";"0";"Телка";"";"";"";"";"";""
"32055";"28.09.2023";"";"0";"";"0";"Телка";"";"";"";"";"";""
"32056";"29.09.2023";"";"0";"";"0";"Телка";"";"";"";"";"";""
"32058";"30.09.2023";"";"0";"";"0";"Телка";"";"";"";"";"";""
"32059";"30.09.2023";"";"0";"";"0";"Телка";"";"";"";"";"";""
"32061";"01.10.2023";"";"0";"";"0";"Телка";"";"";"";"";"";""
"32062";"02.10.2023";"";"0";"";"0";"Телка";"";"";"";"";"";""
"32063";"03.10.2023";"";"0";"";"0";"Телка";"";"";"";"";"";""
"32064";"03.10.2023";"";"0";"";"0";"Телка";"";"";"";"";"";""
"32065";"03.10.2023";"";"0";"";"0";"Телка";"";"";"";"";"";""
"32066";"04.10.2023";"";"0";"";"0";"Телка";"";"";"";"";"";""
"32067";"04.10.2023";"";"0";"";"0";"Телка";"";"";"";"";"";""
"32068";"04.10.2023";"";"0";"";"0";"Телка";"";"";"";"";"";""
"32069";"04.10.2023";"";"0";"";"0";"Телка";"";"";"";"";"";""
"32070";"06.10.2023";"";"0";"";"0";"Телка";"";"";"";"";"";""
"32071";"06.10.2023";"";"0";"";"0";"Телка";"";"";"";"";"";""
"32072";"06.10.2023";"";"0";"";"0";"Телка";"";"";"";"";"";""
"32073";"07.10.2023";"";"0";"";"0";"Телка";"";"";"";"";"";""
"32074";"09.10.2023";"";"0";"";"0";"Телка";"";"";"";"";"";""
"32075";"10.10.2023";"";"0";"";"0";"Телка";"";"";"";"";"";""
"32076";"10.10.2023";"";"0";"";"0";"Телка";"";"";"";"";"";""
"32078";"11.10.2023";"";"0";"";"0";"Телка";"";"";"";"";"";""
"32080";"11.10.2023";"";"0";"";"0";"Телка";"";"";"";"";"";""
"32082";"13.10.2023";"";"0";"";"0";"Телка";"";"";"";"";"";""
"32083";"13.10.2023";"";"0";"";"0";"Телка";"";"";"";"";"";""
"32084";"16.10.2023";"";"0";"";"0";"Телка";"";"";"";"";"";""
"32086";"16.10.2023";"";"0";"";"0";"Телка";"";"";"";"";"";""
"32087";"17.10.2023";"";"0";"";"0";"Телка";"";"";"";"";"";""
"32088";"18.10.2023";"";"0";"";"0";"Телка";"";"";"";"";"";""
"32089";"18.10.2023";"";"0";"";"0";"Телка";"";"";"";"";"";""
"32090";"19.10.2023";"";"0";"";"0";"Телка";"";"";"";"";"";""
"32091";"19.10.2023";"";"0";"";"0";"Телка";"";"";"";"";"";""
"32092";"20.10.2023";"";"0";"";"0";"Телка";"";"";"";"";"";""
"32093";"21.10.2023";"";"0";"";"0";"Телка";"";"";"";"";"";""
"32094";"21.10.2023";"";"0";"";"0";"Телка";"";"";"";"";"";""
"32095";"22.10.2023";"";"0";"";"0";"Телка";"";"";"";"";"";""
"32096";"22.10.2023";"";"0";"";"0";"Телка";"";"";"";"";"";""
"32098";"24.10.2023";"";"0";"";"0";"Телка";"";"";"";"";"";""
"32099";"24.10.2023";"";"0";"";"0";"Телка";"";"";"";"";"";""
"32100";"24.10.2023";"";"0";"";"0";"Телка";"";"";"";"";"";""
"32101";"24.10.2023";"";"0";"";"0";"Телка";"";"";"";"";"";""
"32102";"26.10.2023";"";"0";"";"0";"Телка";"";"";"";"";"";""
"32104";"26.10.2023";"";"0";"";"0";"Телка";"";"";"";"";"";""
"32105";"27.10.2023";"";"0";"";"0";"Телка";"";"";"";"";"";""
"32106";"27.10.2023";"";"0";"";"0";"Телка";"";"";"";"";"";""
"32107";"28.10.2023";"";"0";"";"0";"Телка";"";"";"";"";"";""
"32108";"28.10.2023";"";"0";"";"0";"Телка";"";"";"";"";"";""
"32109";"30.10.2023";"";"0";"";"0";"Телка";"";"";"";"";"";""
"32110";"30.10.2023";"";"0";"";"0";"Телка";"";"";"";"";"";""
"32111";"31.10.2023";"";"0";"";"0";"Телка";"";"";"";"";"";""
"32112";"02.11.2023";"";"0";"";"0";"Телка";"";"";"";"";"";""
"32113";"02.11.2023";"";"0";"";"0";"Телка";"";"";"";"";"";""
"32114";"02.11.2023";"";"0";"";"0";"Телка";"";"";"";"";"";""
"32115";"03.11.2023";"";"0";"";"0";"Телка";"";"";"";"";"";""
"32116";"04.11.2023";"";"0";"";"0";"Телка";"";"";"";"";"";""
"32117";"04.11.2023";"";"0";"";"0";"Телка";"";"";"";"";"";""
"32118";"04.11.2023";"";"0";"";"0";"Телка";"";"";"";"";"";""
"32119";"05.11.2023";"";"0";"";"0";"Телка";"";"";"";"";"";""
"32120";"06.11.2023";"";"0";"";"0";"Телка";"";"";"";"";"";""
"32122";"06.11.2023";"";"0";"";"0";"Телка";"";"";"";"";"";""
"32123";"08.11.2023";"";"0";"";"0";"Телка";"";"";"";"";"";""
"32124";"08.11.2023";"";"0";"";"0";"Телка";"";"";"";"";"";""
"32125";"09.11.2023";"";"0";"";"0";"Телка";"";"";"";"";"";""
"32126";"10.11.2023";"";"0";"";"0";"Телка";"";"";"";"";"";""
"32128";"11.11.2023";"";"0";"";"0";"Телка";"";"";"";"";"";""
"32129";"12.11.2023";"";"0";"";"0";"Телка";"";"";"";"";"";""
"32130";"14.11.2023";"";"0";"";"0";"Телка";"";"";"";"";"";""
"32131";"15.11.2023";"";"0";"";"0";"Телка";"";"";"";"";"";""
"32132";"15.11.2023";"";"0";"";"0";"Телка";"";"";"";"";"";""
"32133";"15.11.2023";"";"0";"";"0";"Телка";"";"";"";"";"";""
"32134";"16.11.2023";"";"0";"";"0";"Телка";"";"";"";"";"";""
"32135";"17.11.2023";"";"0";"";"0";"Телка";"";"";"";"";"";""
"32136";"17.11.2023";"";"0";"";"0";"Телка";"";"";"";"";"";""
"32137";"17.11.2023";"";"0";"";"0";"Телка";"";"";"";"";"";""
"32138";"18.11.2023";"";"0";"";"0";"Телка";"";"";"";"";"";""
"32139";"19.11.2023";"";"0";"";"0";"Телка";"";"";"";"";"";""
"32141";"20.11.2023";"";"0";"";"0";"Телка";"";"";"";"";"";""
"32142";"21.11.2023";"";"0";"";"0";"Телка";"";"";"";"";"";""
"32143";"22.11.2023";"";"0";"";"0";"Телка";"";"";"";"";"";""
"32145";"26.11.2023";"";"0";"";"0";"Телка";"";"";"";"";"";""
"32147";"27.11.2023";"";"0";"";"0";"Телка";"";"";"";"";"";""
"32148";"29.11.2023";"";"0";"";"0";"Телка";"";"";"";"";"";""
"32149";"29.11.2023";"";"0";"";"0";"Телка";"";"";"";"";"";""
"32151";"01.12.2023";"";"0";"";"0";"Телка";"";"";"";"";"";""
"32153";"02.12.2023";"";"0";"";"0";"Телка";"";"";"";"";"";""
"32154";"02.12.2023";"";"0";"";"0";"Телка";"";"";"";"";"";""
"32157";"09.12.2023";"";"0";"";"0";"Телка";"";"";"";"";"";""
"32158";"11.12.2023";"";"0";"";"0";"Телка";"";"";"";"";"";""
"32159";"11.12.2023";"";"0";"";"0";"Телка";"";"";"";"";"";""
"32160";"11.12.2023";"";"0";"";"0";"Телка";"";"";"";"";"";""
"32161";"11.12.2023";"";"0";"";"0";"Телка";"";"";"";"";"";""
"32162";"11.12.2023";"";"0";"";"0";"Телка";"";"";"";"";"";""
"32164";"13.12.2023";"";"0";"";"0";"Телка";"";"";"";"";"";""
"32165";"14.12.2023";"";"0";"";"0";"Телка";"";"";"";"";"";""
"32166";"17.12.2023";"";"0";"";"0";"Телка";"";"";"";"";"";""
"32167";"17.12.2023";"";"0";"";"0";"Телка";"";"";"";"";"";""
"32168";"18.12.2023";"";"0";"";"0";"Телка";"";"";"";"";"";""
"32169";"19.12.2023";"";"0";"";"0";"Телка";"";"";"";"";"";""
"32171";"21.12.2023";"";"0";"";"0";"Телка";"";"";"";"";"";""
"32172";"21.12.2023";"";"0";"";"0";"Телка";"";"";"";"";"";""
"32173";"22.12.2023";"";"0";"";"0";"Телка";"";"";"";"";"";""
"32174";"22.12.2023";"";"0";"";"0";"Телка";"";"";"";"";"";""
"32175";"23.12.2023";"";"0";"";"0";"Телка";"";"";"";"";"";""
"32176";"24.12.2023";"";"0";"";"0";"Телка";"";"";"";"";"";""
"32177";"25.12.2023";"";"0";"";"0";"Телка";"";"";"";"";"";""
"32180";"27.12.2023";"";"0";"";"0";"Телка";"";"";"";"";"";""
"32181";"27.12.2023";"";"0";"";"0";"Телка";"";"";"";"";"";""
"32182";"27.12.2023";"";"0";"";"0";"Телка";"";"";"";"";"";""
"32184";"30.12.2023";"";"0";"";"0";"Телка";"";"";"";"";"";""
"32185";"31.12.2023";"";"0";"";"0";"Телка";"";"";"";"";"";""
"32188";"01.01.2024";"";"0";"";"0";"Телка";"";"";"";"";"";""
"32189";"01.01.2024";"";"0";"";"0";"Телка";"";"";"";"";"";""
"32191";"03.01.2024";"";"0";"";"0";"Телка";"";"";"";"";"";""
"32192";"07.01.2024";"";"0";"";"0";"Телка";"";"";"";"";"";""
"32193";"06.01.2024";"";"0";"";"0";"Телка";"";"";"";"";"";""
"32194";"07.01.2024";"";"0";"";"0";"Телка";"";"";"";"";"";""
"32195";"07.01.2024";"";"0";"";"0";"Телка";"";"";"";"";"";""
"32196";"08.01.2024";"";"0";"";"0";"Телка";"";"";"";"";"";""
"32197";"10.01.2024";"";"0";"";"0";"Телка";"";"";"";"";"";""
"32198";"12.01.2024";"";"0";"";"0";"Телка";"";"";"";"";"";""
"32199";"13.01.2024";"";"0";"";"0";"Телка";"";"";"";"";"";""
"32200";"13.01.2024";"";"0";"";"0";"Телка";"";"";"";"";"";""
"32201";"13.01.2024";"";"0";"";"0";"Телка";"";"";"";"";"";""
"32202";"15.01.2024";"";"0";"";"0";"Телка";"";"";"";"";"";""
"32203";"16.01.2024";"";"0";"";"0";"Телка";"";"";"";"";"";""
"32204";"16.01.2024";"";"0";"";"0";"Телка";"";"";"";"";"";""
"32205";"16.01.2024";"";"0";"";"0";"Телка";"";"";"";"";"";""
"32207";"17.01.2024";"";"0";"";"0";"Телка";"";"";"";"";"";""
"32208";"17.01.2024";"";"0";"";"0";"Телка";"";"";"";"";"";""
"32210";"17.01.2024";"";"0";"";"0";"Телка";"";"";"";"";"";""
"32211";"17.01.2024";"";"0";"";"0";"Телка";"";"";"";"";"";""
"32213";"19.01.2024";"";"0";"";"0";"Телка";"";"";"";"";"";""
"32214";"21.01.2024";"";"0";"";"0";"Телка";"";"";"";"";"";""
"32215";"22.01.2024";"";"0";"";"0";"Телка";"";"";"";"";"";""
"32216";"22.01.2024";"";"0";"";"0";"Телка";"";"";"";"";"";""
"32217";"23.01.2024";"";"0";"";"0";"Телка";"";"";"";"";"";""
"32218";"23.01.2024";"";"0";"";"0";"Телка";"";"";"";"";"";""
"32219";"24.01.2024";"";"0";"";"0";"Телка";"";"";"";"";"";""
"32220";"25.01.2024";"";"0";"";"0";"Телка";"";"";"";"";"";""
"32221";"25.01.2024";"";"0";"";"0";"Телка";"";"";"";"";"";""
"32222";"26.01.2024";"";"0";"";"0";"Телка";"";"";"";"";"";""
"32223";"26.01.2024";"";"0";"";"0";"Телка";"";"";"";"";"";""
"32225";"31.01.2024";"";"0";"";"0";"Телка";"";"";"";"";"";""
"32226";"31.01.2024";"";"0";"";"0";"Телка";"";"";"";"";"";""
"32228";"31.01.2024";"";"0";"";"0";"Телка";"";"";"";"";"";""
"32229";"31.01.2024";"";"0";"";"0";"Телка";"";"";"";"";"";""
"32231";"01.02.2024";"";"0";"";"0";"Телка";"";"";"";"";"";""
"32232";"01.02.2024";"";"0";"";"0";"Телка";"";"";"";"";"";""
"63325";"30.09.2016";"";"5";"12.03.2023";"326";"Дойная";"16.11.2023";"";"";"";"";""
"63758";"20.12.2016";"";"6";"27.11.2023";"66";"Дойная";"";"";"";"";"";""
"63844";"21.10.2016";"";"6";"20.01.2024";"12";"Дойная";"";"";"";"";"";""
"63919";"25.08.2016";"";"6";"13.09.2023";"141";"Дойная";"";"";"";"";"";""
"64306";"06.09.2016";"";"6";"01.11.2023";"92";"Дойная";"";"";"";"";"";""
"64820";"31.08.2016";"";"6";"30.12.2023";"33";"Дойная";"";"";"";"";"";""
"65056";"04.07.2016";"";"5";"09.06.2023";"237";"Дойная";"04.01.2024";"";"";"";"";""
"65220";"06.09.2016";"";"6";"01.11.2023";"92";"Дойная";"";"";"";"";"";""
"65279";"25.09.2016";"";"5";"16.06.2023";"230";"Дойная";"24.08.2023";"";"";"";"";""
"68407";"28.07.2016";"";"6";"17.01.2024";"15";"Дойная";"";"";"";"";"";""
"73564";"05.10.2015";"";"6";"14.10.2023";"110";"Дойная";"";"";"";"";"";""
"73993";"04.11.2015";"";"6";"05.05.2023";"272";"Дойная";"05.10.2023";"";"";"";"";""
"74482";"30.11.2015";"";"6";"24.11.2023";"69";"Дойная";"";"";"";"";"";""
"84048";"27.12.2015";"";"7";"21.09.2023";"133";"Дойная";"";"";"";"";"";""
"84537";"14.10.2015";"";"6";"21.03.2023";"317";"Дойная";"04.01.2024";"";"";"";"";""
"87337";"15.11.2015";"";"7";"19.07.2023";"197";"Дойная";"";"";"";"";"";""
